RAAA#,Sex,AnimalID,Name,DOB,BrdCds,CED,BW,WW,YW,ADG,DMI,Milk,ME,HPG,CEM,STAY,Marb,YG,CW,REA,FAT,HG,GM
PM1,,J24 - D104,CHX  J24 - VF ACQUISITION D104,,,16,-3.7,38,57,0.12,0.1,20,-4,11,8,15,0.33,0.04,5,0.03,0.03,166,46
PM2,,J24 - D172,CHX  J24 - VF SILVER BOW D172,,,15,-2.3,50,80,0.19,0.41,20,-4,12,9,15,0.33,0.03,14,0.08,0.01,175,49
PM3,,J24 - D706,CHX  J24 - DOING RIGHT,,,15,-3.2,38,59,0.13,-0.05,22,-6,9,7,15,0.3,0.04,4,-0.11,0.01,167,47
PM4,,J24 - 3036,CHX  J24 - WOOD EMMETT 3036,,,18,-4.1,38,55,0.11,0.22,19,-4,9,10,16,0.23,0.04,3,-0.08,0.02,170,45
PM5,,J24 - 2385,CHX  J24 - ODOHERTY   2385,,,15,-2.6,44,65,0.13,0.42,21,-5,7,8,15,0.2,0.03,3,-0.13,0,154,45
PM6,,J24 - 8355,CHX  J24 - FEDDES LIBERATION D108- 8355,,,15,-3.2,44,70,0.16,0.48,21,-6,9,8,16,0.46,0.06,13,-0.08,0.01,175,48
PM7,,J24 - 8269,CHX  J24 - FEDDES DEFENDER Y17-8269,,,16,-3,44,66,0.14,0.61,20,-6,11,8,16,0.45,0.02,2,-0.04,0.01,180,47
PM8,,P48 - D104,CHX  P48 - VF ACQUISITION D104,,,14,-1.8,48,71,0.14,0.33,17,-2,12,6,16,0.32,0.05,5,-0.03,0.02,175,47
PM9,,P48 - D172,CHX  P48 - VF SILVER BOW D172,,,12,-0.4,60,93,0.21,0.64,17,-1,13,7,16,0.32,0.05,14,0.02,0.01,184,49
PM10,,P48 - D706,CHX  P48 - DOING RIGHT,,,13,-1.3,48,72,0.15,0.18,19,-4,11,6,17,0.28,0.05,3,-0.16,0.01,176,47
PM11,,P48 - 3036,CHX  P48 - WOOD EMMETT 3036,,,16,-2.2,48,69,0.13,0.46,16,-1,10,9,17,0.22,0.06,3,-0.14,0.01,179,45
PM12,,P48 - 2385,CHX  P48 - ODOHERTY   2385,,,12,-0.7,54,79,0.15,0.65,18,-3,8,6,16,0.19,0.04,3,-0.19,0,163,46
PM13,,P48 - 8355,CHX  P48 - FEDDES LIBERATION D108- 8355,,,13,-1.2,54,83,0.18,0.71,19,-3,10,6,18,0.45,0.07,13,-0.14,0.01,184,48
PM14,,P48 - 8269,CHX  P48 - FEDDES DEFENDER Y17-8269,,,14,-1.1,54,80,0.16,0.84,17,-3,12,7,18,0.44,0.04,1,-0.09,0.01,189,47
PM15,,P2 - D104,CHX  P2 - VF ACQUISITION D104,,,15,-2.5,42,60,0.12,0.16,17,-4,11,7,17,0.32,0.06,4,-0.04,0.03,176,46
PM16,,P2 - D172,CHX  P2 - VF SILVER BOW D172,,,14,-1.2,54,83,0.18,0.48,17,-3,12,8,16,0.33,0.05,12,0.02,0.01,185,48
PM17,,P2 - D706,CHX  P2 - DOING RIGHT,,,14,-2.1,41,62,0.13,0.02,19,-5,10,7,17,0.29,0.05,2,-0.17,0.01,177,47
PM18,,P2 - 3036,CHX  P2 - WOOD EMMETT 3036,,,17,-3,42,58,0.1,0.29,16,-3,9,9,17,0.23,0.06,2,-0.14,0.02,180,45
PM19,,P2 - 2385,CHX  P2 - ODOHERTY   2385,,,14,-1.5,48,68,0.13,0.49,18,-5,7,7,17,0.19,0.04,2,-0.19,0,164,45
PM20,,P2 - 8355,CHX  P2 - FEDDES LIBERATION D108- 8355,,,14,-2,48,73,0.15,0.55,18,-5,9,7,18,0.46,0.08,12,-0.14,0.01,185,47
PM21,,P2 - 8269,CHX  P2 - FEDDES DEFENDER Y17-8269,,,15,-2,48,69,0.14,0.68,16,-5,12,7,18,0.44,0.04,0,-0.1,0.01,190,46
PM22,,D71 - D104,CHX    D71 - VF ACQUISITION D104,,,14,-1.5,46,69,0.14,0.2,18,-5,11,6,14,0.34,0.06,5,0,0.03,157,47
PM23,,D71 - D172,CHX    D71 - VF SILVER BOW D172,,,12,-0.1,58,91,0.2,0.51,18,-4,12,7,14,0.35,0.05,14,0.05,0.02,165,49
PM24,,D71 - D706,CHX    D71 - DOING RIGHT,,,12,-1,46,70,0.15,0.05,20,-6,10,6,15,0.31,0.05,4,-0.14,0.01,158,48
PM25,,D71 - 3036,CHX    D71 - WOOD EMMETT 3036,,,15,-1.9,46,67,0.13,0.33,17,-4,9,8,15,0.25,0.06,3,-0.11,0.02,161,46
PM26,,D71 - 2385,CHX    D71 - ODOHERTY   2385,,,12,-0.4,53,77,0.15,0.52,19,-6,8,6,14,0.22,0.04,3,-0.16,0.01,145,46
PM27,,D71 - 8355,CHX    D71 - FEDDES LIBERATION D108- 8355,,,13,-1,53,81,0.18,0.58,20,-6,9,6,15,0.48,0.08,13,-0.11,0.01,165,49
PM28,,D71 - 8269,CHX    D71 - FEDDES DEFENDER Y17-8269,,,14,-0.9,52,77,0.16,0.71,18,-6,12,7,15,0.46,0.04,2,-0.07,0.02,171,48
PM29,,E7 - D104,CHX    E7 - VF ACQUISITION D104,,,14,-2,44,64,0.13,0.28,18,-2,12,6,18,0.32,0.05,5,0,0.02,188,46
PM30,,E7 - D172,CHX    E7 - VF SILVER BOW D172,,,12,-0.6,56,87,0.19,0.59,18,-1,13,7,18,0.33,0.04,14,0.05,0.01,196,49
PM31,,E7 - D706,CHX    E7 - DOING RIGHT,,,13,-1.5,44,66,0.14,0.13,20,-4,11,5,19,0.29,0.04,4,-0.14,0.01,188,47
PM32,,E7 - 3036,CHX    E7 - WOOD EMMETT 3036,,,16,-2.4,44,62,0.12,0.41,17,-1,10,8,19,0.23,0.05,3,-0.11,0.01,191,45
PM33,,E7 - 2385,CHX    E7 - ODOHERTY   2385,,,12,-0.9,50,72,0.14,0.6,19,-3,8,6,18,0.19,0.04,3,-0.16,0,175,45
PM34,,E7 - 8355,CHX    E7 - FEDDES LIBERATION D108- 8355,,,13,-1.5,50,77,0.17,0.66,19,-3,10,6,20,0.46,0.07,13,-0.11,0.01,196,48
PM35,,E7 - 8269,CHX    E7 - FEDDES DEFENDER Y17-8269,,,14,-1.4,50,73,0.15,0.79,18,-4,12,6,20,0.44,0.03,2,-0.07,0.01,201,47
PM36,,F3 - D104,CHX    F3 - VF ACQUISITION D104,,,14,-1.4,45,65,0.12,0.01,16,-2,12,6,17,0.31,0.05,5,-0.01,0.02,183,47
PM37,,F3 - D172,CHX    F3 - VF SILVER BOW D172,,,12,-0.1,57,87,0.19,0.33,16,-2,13,7,17,0.31,0.04,13,0.05,0.01,191,49
PM38,,F3 - D706,CHX    F3 - DOING RIGHT,,,13,-0.9,45,66,0.13,-0.14,18,-4,10,6,18,0.28,0.04,3,-0.14,0.01,183,47
PM39,,F3 - 3036,CHX    F3 - WOOD EMMETT 3036,,,16,-1.9,45,63,0.11,0.14,15,-2,10,8,18,0.22,0.05,3,-0.11,0.01,186,45
PM40,,F3 - 2385,CHX    F3 - ODOHERTY   2385,,,12,-0.4,52,73,0.13,0.33,17,-3,8,6,17,0.18,0.03,3,-0.16,0,170,46
PM41,,F3 - 8355,CHX    F3 - FEDDES LIBERATION D108- 8355,,,13,-0.9,52,78,0.16,0.4,18,-4,9,6,19,0.44,0.07,13,-0.11,0,191,48
PM42,,F3 - 8269,CHX    F3 - FEDDES DEFENDER Y17-8269,,,14,-0.8,51,74,0.14,0.52,16,-4,12,7,19,0.43,0.03,1,-0.07,0.01,196,47
PM43,,G50 - D104,CHX    G50 - VF ACQUISITION D104,,,13,-1.2,45,68,0.14,0.28,20,-2,11,6,19,0.31,0.05,5,-0.03,0.02,186,47
PM44,,G50 - D172,CHX    G50 - VF SILVER BOW D172,,,11,0.2,57,90,0.2,0.6,20,-1,12,7,18,0.32,0.04,13,0.02,0.01,194,49
PM45,,G50 - D706,CHX    G50 - DOING RIGHT,,,11,-0.7,45,69,0.15,0.14,22,-4,9,5,19,0.28,0.05,3,-0.16,0.01,187,47
PM46,,G50 - 3036,CHX    G50 - WOOD EMMETT 3036,,,15,-1.6,45,66,0.13,0.41,19,-1,9,8,19,0.22,0.05,3,-0.14,0.01,190,45
PM47,,G50 - 2385,CHX    G50 - ODOHERTY   2385,,,11,-0.1,52,76,0.15,0.61,21,-3,7,6,18,0.19,0.04,3,-0.19,0,174,46
PM48,,G50 - 8355,CHX    G50 - FEDDES LIBERATION D108- 8355,,,12,-0.7,52,80,0.18,0.67,21,-3,9,6,20,0.44,0.07,13,-0.14,0,195,48
PM49,,G50 - 8269,CHX    G50 - FEDDES DEFENDER Y17-8269,,,13,-0.6,51,76,0.16,0.79,20,-3,11,6,20,0.44,0.03,1,-0.09,0.01,200,47
PM50,,G24 - D104,CHX    G24 - VF ACQUISITION D104,,,14,-2.2,44,66,0.13,0.47,21,-2,11,7,17,0.31,0.05,7,0,0.02,174,46
PM51,,G24 - D172,CHX    G24 - VF SILVER BOW D172,,,12,-0.8,56,88,0.2,0.78,22,-2,12,8,16,0.32,0.04,16,0.05,0.01,182,48
PM52,,G24 - D706,CHX    G24 - DOING RIGHT,,,13,-1.7,44,67,0.15,0.32,24,-4,10,7,17,0.28,0.05,6,-0.13,0.01,175,46
PM53,,G24 - 3036,CHX    G24 - WOOD EMMETT 3036,,,16,-2.6,44,64,0.12,0.6,20,-2,9,10,17,0.22,0.05,5,-0.11,0.01,178,44
PM54,?,G24 - 2385,CHX    G24 - ODOHERTY   2385,,,12,-1.1,51,74,0.14,0.79,22,-3,8,7,17,0.19,0.04,5,-0.16,0,162,45
PM55,,G24 - 8355,CHX    G24 - FEDDES LIBERATION D108- 8355,,,13,-1.7,51,78,0.17,0.85,23,-4,9,7,18,0.44,0.07,15,-0.11,0,182,47
PM56,,G24 - 8269,CHX    G24 - FEDDES DEFENDER Y17-8269,,,14,-1.5,50,75,0.15,0.98,21,-4,12,8,18,0.44,0.03,4,-0.06,0.01,188,46
PM57,,G6 - D104,CHX    G6 - VF ACQUISITION D104,,,15,-2,43,65,0.14,0.37,21,-3,11,8,17,0.31,0.05,7,0.02,0.02,175,46
PM58,,G6 - D172,CHX    G6 - VF SILVER BOW D172,,,13,-0.6,55,87,0.2,0.69,21,-2,12,8,16,0.31,0.04,16,0.08,0.01,183,49
PM59,,G6 - D706,CHX    G6 - DOING RIGHT,,,13,-1.5,43,66,0.15,0.23,23,-5,10,7,17,0.28,0.04,6,-0.11,0.01,175,47
PM60,,G6 - 3036,CHX    G6 - WOOD EMMETT 3036,,,16,-2.4,43,63,0.12,0.5,19,-2,9,10,17,0.22,0.05,5,-0.09,0.01,178,45
PM61,,G6 - 2385,CHX    G6 - ODOHERTY   2385,,,13,-0.9,50,73,0.15,0.7,21,-4,7,7,16,0.18,0.03,5,-0.14,0,162,45
PM62,,G6 - 8355,CHX    G6 - FEDDES LIBERATION D108- 8355,,,13,-1.5,50,77,0.17,0.76,22,-4,9,8,18,0.44,0.07,15,-0.09,0,183,48
PM63,,G6 - 8269,CHX    G6 - FEDDES DEFENDER Y17-8269,,,14,-1.4,49,74,0.15,0.88,20,-4,12,8,18,0.43,0.03,4,-0.05,0.01,188,47
PM64,,G46 - D104,CHX    G46 - VF ACQUISITION D104,,,13,-1.2,46,70,0.15,0.36,22,-2,11,6,17,0.31,0.05,8,0.02,0.02,179,47
PM65,,G46 - D172,CHX    G46 - VF SILVER BOW D172,,,11,0.2,58,92,0.21,0.68,22,-1,12,7,17,0.32,0.04,16,0.08,0.01,187,49
PM66,,G46 - D706,CHX    G46 - DOING RIGHT,,,11,-0.7,46,72,0.16,0.22,24,-4,10,6,18,0.28,0.04,6,-0.11,0.01,179,47
PM67,,G46 - 3036,CHX    G46 - WOOD EMMETT 3036,,,14,-1.6,46,68,0.14,0.49,21,-1,9,8,18,0.22,0.05,6,-0.09,0.01,182,45
PM68,,G46 - 2385,CHX    G46 - ODOHERTY   2385,,,11,-0.1,53,78,0.16,0.69,23,-3,8,6,17,0.19,0.04,6,-0.14,0,166,46
PM69,,G46 - 8355,CHX    G46 - FEDDES LIBERATION D108- 8355,,,12,-0.7,53,83,0.19,0.75,23,-3,9,6,19,0.44,0.07,16,-0.09,0,187,48
PM70,,G46 - 8269,CHX    G46 - FEDDES DEFENDER Y17-8269,,,13,-0.6,52,79,0.17,0.87,22,-3,12,7,19,0.44,0.03,4,-0.05,0.01,192,47
PM71,,L17 - D104,HHOLLL17 - VF ACQUISITION D104,,,14,-1.7,49,73,0.15,0.41,20,-2,12,7,19,0.33,0.06,3,-0.05,0.03,197,47
PM72,,L17 - D172,HHOLLL17 - VF SILVER BOW D172,,,12,-0.3,61,95,0.21,0.73,20,-1,13,8,19,0.33,0.05,12,0.01,0.01,205,49
PM73,,L17 - D706,HHOLLL17 - DOING RIGHT,,,13,-1.2,49,74,0.16,0.26,22,-3,10,7,19,0.3,0.05,2,-0.18,0.01,197,48
PM74,,L17 - 3036,HHOLLL17 - WOOD EMMETT 3036,,,16,-2.2,49,71,0.14,0.54,19,-1,10,9,20,0.23,0.06,1,-0.16,0.02,200,46
PM75,,L17 - 2385,HHOLLL17 - ODOHERTY   2385,,,12,-0.6,55,81,0.16,0.74,21,-3,8,7,19,0.2,0.05,1,-0.2,0,184,46
PM76,,L17 - 8355,HHOLLL17 - FEDDES LIBERATION D108- 8355,,,13,-1.2,56,85,0.19,0.8,22,-3,10,7,20,0.46,0.08,11,-0.16,0.01,205,48
PM77,,L17 - 8269,HHOLLL17 - FEDDES DEFENDER Y17-8269,,,14,-1.1,55,82,0.17,0.92,20,-3,12,8,20,0.45,0.04,0,-0.11,0.01,210,47
PM78,,I04 - D104,HHOLLI04 - VF ACQUISITION D104,,,15,-3.2,41,60,0.12,0.21,20,-2,11,8,17,0.31,0.05,5,-0.02,0.02,178,46
PM79,,I04 - D172,HHOLLI04 - VF SILVER BOW D172,,,14,-1.8,53,83,0.19,0.53,20,-1,12,8,17,0.32,0.04,13,0.03,0.01,186,48
PM80,,I04 - D706,HHOLLI04 - DOING RIGHT,,,14,-2.7,41,62,0.13,0.06,22,-4,9,7,17,0.28,0.05,3,-0.16,0.01,179,46
PM81,,I04 - 3036,HHOLLI04 - WOOD EMMETT 3036,,,17,-3.6,41,58,0.11,0.34,19,-1,9,10,18,0.22,0.05,3,-0.13,0.01,182,44
PM82,,I04 - 2385,HHOLLI04 - ODOHERTY   2385,,,14,-2.1,47,68,0.13,0.53,21,-3,7,8,17,0.19,0.04,3,-0.18,0,166,45
PM83,,I04 - 8355,HHOLLI04 - FEDDES LIBERATION D108- 8355,,,14,-2.7,47,73,0.16,0.59,21,-3,9,8,18,0.44,0.07,13,-0.13,0,187,47
PM84,,I04 - 8269,HHOLLI04 - FEDDES DEFENDER Y17-8269,,,15,-2.5,47,69,0.14,0.72,20,-3,11,8,18,0.44,0.03,1,-0.09,0.01,192,46
PM85,,I51 - D104,HHOLLI51 - VF ACQUISITION D104,,,15,-2.5,43,64,0.13,0.3,22,-2,10,7,17,0.32,0.06,4,-0.04,0.02,179,46
PM86,,I51 - D172,HHOLLI51 - VF SILVER BOW D172,,,13,-1.1,55,86,0.19,0.62,22,-1,12,8,17,0.32,0.05,13,0.02,0.01,188,48
PM87,,I51 - D706,HHOLLI51 - DOING RIGHT,,,13,-2,43,65,0.14,0.15,24,-4,9,7,18,0.28,0.05,2,-0.17,0.01,180,47
PM88,,I51 - 3036,HHOLLI51 - WOOD EMMETT 3036,,,17,-2.9,43,62,0.12,0.43,21,-1,9,9,18,0.22,0.06,2,-0.14,0.01,183,45
PM89,,I51 - 2385,HHOLLI51 - ODOHERTY   2385,,,13,-1.4,50,72,0.14,0.62,23,-3,7,7,17,0.19,0.04,2,-0.19,0,167,45
PM90,,I51 - 8355,HHOLLI51 - FEDDES LIBERATION D108- 8355,,,14,-2,50,76,0.17,0.69,24,-3,8,7,18,0.45,0.08,12,-0.14,0.01,188,47
PM91,,I51 - 8269,HHOLLI51 - FEDDES DEFENDER Y17-8269,,,15,-1.9,49,73,0.15,0.81,22,-3,11,8,19,0.44,0.04,0,-0.1,0.01,193,47
PM92,,I24 - D104,HHOLLI24 - VF ACQUISITION D104,,,14,-1.2,46,69,0.14,0.29,20,-1,11,7,18,0.34,0.07,5,-0.05,0.03,182,47
PM93,,I24 - D172,HHOLLI24 - VF SILVER BOW D172,,,12,0.1,58,91,0.21,0.6,20,-1,12,7,17,0.34,0.06,13,0,0.01,190,49
PM94,,I24 - D706,HHOLLI24 - DOING RIGHT,,,12,-0.8,46,70,0.15,0.14,22,-3,10,6,18,0.3,0.06,3,-0.19,0.01,182,47
PM95,,I24 - 3036,HHOLLI24 - WOOD EMMETT 3036,,,15,-1.7,46,67,0.13,0.41,19,-1,9,9,18,0.24,0.07,3,-0.16,0.02,185,45
PM96,?,I24 - 2385,HHOLLI24 - ODOHERTY   2385,,,12,-0.2,53,77,0.15,0.61,21,-2,7,7,17,0.2,0.05,3,-0.21,0,169,46
PM97,,I24 - 8355,HHOLLI24 - FEDDES LIBERATION D108- 8355,,,12,-0.8,53,81,0.18,0.67,21,-3,9,7,19,0.47,0.09,13,-0.16,0.01,190,48
PM98,,I24 - 8269,HHOLLI24 - FEDDES DEFENDER Y17-8269,,,14,-0.6,52,78,0.16,0.8,20,-3,12,7,19,0.45,0.05,1,-0.12,0.01,195,47
PM99,,I27 - D104,HHOLLI27 - VF ACQUISITION D104,,,16,-3.5,39,59,0.12,0.2,23,-2,10,8,17,0.32,0.05,5,-0.01,0.02,177,46
PM100,,I27 - D172,HHOLLI27 - VF SILVER BOW D172,,,14,-2.2,51,81,0.19,0.51,23,-2,11,9,16,0.32,0.04,13,0.05,0.01,185,48
PM101,,I27 - D706,HHOLLI27 - DOING RIGHT,,,15,-3,39,61,0.13,0.05,25,-4,9,8,17,0.28,0.04,3,-0.14,0.01,177,47
PM102,,I27 - 3036,HHOLLI27 - WOOD EMMETT 3036,,,18,-4,39,57,0.11,0.33,22,-2,8,10,17,0.22,0.05,3,-0.11,0.01,180,45
PM103,,I27 - 2385,HHOLLI27 - ODOHERTY   2385,,,14,-2.5,46,67,0.13,0.52,24,-3,7,8,16,0.19,0.04,3,-0.16,0,164,45
PM104,,I27 - 8355,HHOLLI27 - FEDDES LIBERATION D108- 8355,,,15,-3,46,72,0.16,0.58,24,-4,8,8,18,0.45,0.07,13,-0.11,0.01,185,47
PM105,,I27 - 8269,HHOLLI27 - FEDDES DEFENDER Y17-8269,,,16,-2.9,45,68,0.14,0.71,22,-4,11,9,18,0.44,0.03,1,-0.07,0.01,190,47
PM106,,I47 - D104,HHOLLI47 - VF ACQUISITION D104,,,14,-1.7,44,66,0.14,0.32,22,-2,10,8,17,0.31,0.05,6,-0.02,0.02,178,46
PM107,,I47 - D172,HHOLLI47 - VF SILVER BOW D172,,,12,-0.3,56,88,0.2,0.63,22,-1,12,8,17,0.31,0.04,14,0.04,0.01,187,49
PM108,,I47 - D706,HHOLLI47 - DOING RIGHT,,,13,-1.2,43,67,0.15,0.17,24,-3,9,7,18,0.28,0.04,4,-0.15,0.01,179,47
PM109,,I47 - 3036,HHOLLI47 - WOOD EMMETT 3036,,,16,-2.2,44,64,0.12,0.44,21,-1,8,10,18,0.22,0.05,4,-0.12,0.01,182,45
PM110,,I47 - 2385,HHOLLI47 - ODOHERTY   2385,,,12,-0.6,50,74,0.15,0.64,23,-3,7,7,17,0.18,0.04,4,-0.17,0,166,45
PM111,,I47 - 8355,HHOLLI47 - FEDDES LIBERATION D108- 8355,,,13,-1.2,50,78,0.17,0.7,24,-3,8,7,18,0.44,0.07,14,-0.12,0,187,48
PM112,,I47 - 8269,HHOLLI47 - FEDDES DEFENDER Y17-8269,,,14,-1.1,50,75,0.16,0.83,22,-3,11,8,18,0.43,0.03,2,-0.08,0.01,192,47
PM113,,I49 - D104,HHOLLI49 - VF ACQUISITION D104,,,14,-2.2,42,61,0.12,0.2,19,-1,11,6,17,0.31,0.06,5,-0.04,0.03,175,46
PM114,,I49 - D172,HHOLLI49 - VF SILVER BOW D172,,,12,-0.9,54,84,0.19,0.51,20,-1,12,7,17,0.32,0.05,13,0.02,0.01,184,48
PM115,,I49 - D706,HHOLLI49 - DOING RIGHT,,,12,-1.8,42,63,0.13,0.05,21,-3,9,5,18,0.28,0.05,3,-0.17,0.01,176,47
PM116,,I49 - 3036,HHOLLI49 - WOOD EMMETT 3036,,,16,-2.7,42,59,0.11,0.32,18,-1,9,8,18,0.22,0.06,3,-0.14,0.02,179,45
PM117,,I49 - 2385,HHOLLI49 - ODOHERTY   2385,,,12,-1.1,48,70,0.13,0.52,20,-3,7,6,17,0.19,0.05,3,-0.19,0,163,45
PM118,,I49 - 8355,HHOLLI49 - FEDDES LIBERATION D108- 8355,,,13,-1.7,48,74,0.16,0.58,21,-3,9,6,18,0.44,0.08,13,-0.14,0.01,184,47
PM119,,I49 - 8269,HHOLLI49 - FEDDES DEFENDER Y17-8269,,,14,-1.6,48,70,0.14,0.71,19,-3,11,6,19,0.44,0.04,1,-0.1,0.01,189,47
PM120,,J8 - D104,HHOLLJ8 - VF ACQUISITION D104,,,14,-1.7,49,73,0.15,0.4,22,-2,11,7,19,0.33,0.05,4,-0.03,0.03,195,47
PM121,,J8 - D172,HHOLLJ8 - VF SILVER BOW D172,,,12,-0.3,61,96,0.22,0.72,22,-1,12,8,19,0.33,0.05,12,0.02,0.01,204,50
PM122,,J8 - D706,HHOLLJ8 - DOING RIGHT,,,13,-1.2,49,75,0.16,0.26,24,-4,10,7,19,0.3,0.05,2,-0.16,0.01,196,48
PM123,,J8 - 3036,HHOLLJ8 - WOOD EMMETT 3036,,,16,-2.2,49,71,0.14,0.53,21,-1,9,9,19,0.23,0.06,2,-0.14,0.02,199,46
PM124,,J8 - 2385,HHOLLJ8 - ODOHERTY   2385,,,12,-0.6,55,81,0.16,0.73,22,-3,7,7,19,0.2,0.04,2,-0.19,0,183,46
PM125,,J8 - 8355,HHOLLJ8 - FEDDES LIBERATION D108- 8355,,,13,-1.2,55,86,0.19,0.79,23,-3,9,7,20,0.46,0.07,12,-0.14,0.01,204,49
PM126,,J8 - 8269,HHOLLJ8 - FEDDES DEFENDER Y17-8269,,,14,-1.1,55,82,0.17,0.91,21,-3,12,8,20,0.45,0.04,0,-0.09,0.01,209,48
PM127,,J19 - D104,HHOLLJ19 - VF ACQUISITION D104,,,15,-2.3,44,64,0.13,0.23,19,-1,11,7,17,0.31,0.06,4,-0.05,0.02,181,46
PM128,,J19 - D172,HHOLLJ19 - VF SILVER BOW D172,,,13,-0.9,56,87,0.19,0.54,19,-1,12,8,17,0.32,0.05,13,0.01,0.01,189,49
PM129,,J19 - D706,HHOLLJ19 - DOING RIGHT,,,13,-1.8,44,66,0.14,0.08,21,-3,9,7,18,0.28,0.05,3,-0.18,0.01,181,47
PM130,,J19 - 3036,HHOLLJ19 - WOOD EMMETT 3036,,,16,-2.8,44,62,0.12,0.36,18,-1,9,9,18,0.22,0.06,2,-0.15,0.01,185,45
PM131,,J19 - 2385,HHOLLJ19 - ODOHERTY   2385,,,13,-1.2,50,72,0.14,0.55,20,-2,7,7,17,0.19,0.04,2,-0.2,0,168,45
PM132,,J19 - 8355,HHOLLJ19 - FEDDES LIBERATION D108- 8355,,,14,-1.8,50,77,0.17,0.61,20,-3,9,7,19,0.44,0.08,12,-0.15,0,189,48
PM133,,J19 - 8269,HHOLLJ19 - FEDDES DEFENDER Y17-8269,,,15,-1.7,50,73,0.15,0.74,19,-3,11,7,19,0.44,0.04,0,-0.11,0.01,194,47
PM134,,J13 - D104,HHOLLJ13 - VF ACQUISITION D104,,,14,-1.5,44,65,0.13,0.14,18,-2,11,7,18,0.31,0.05,4,-0.03,0.02,183,47
PM135,,J13 - D172,HHOLLJ13 - VF SILVER BOW D172,,,12,-0.2,56,87,0.19,0.46,18,-1,12,7,18,0.32,0.04,13,0.02,0.01,191,49
PM136,?,J13 - D706,HHOLLJ13 - DOING RIGHT,,,13,-1.1,44,66,0.14,-0.01,20,-4,9,6,18,0.28,0.04,3,-0.16,0.01,183,47
PM137,,J13 - 3036,HHOLLJ13 - WOOD EMMETT 3036,,,16,-2,44,63,0.11,0.27,16,-1,9,9,18,0.22,0.05,2,-0.14,0.01,186,45
PM138,,J13 - 2385,HHOLLJ13 - ODOHERTY   2385,,,12,-0.5,51,73,0.14,0.47,18,-3,7,7,18,0.19,0.04,2,-0.19,0,170,46
PM139,,J13 - 8355,HHOLLJ13 - FEDDES LIBERATION D108- 8355,,,13,-1,51,77,0.16,0.53,19,-3,9,7,19,0.44,0.07,12,-0.14,0,191,48
PM140,,J13 - 8269,HHOLLJ13 - FEDDES DEFENDER Y17-8269,,,14,-0.9,51,74,0.15,0.65,17,-3,11,7,19,0.44,0.03,1,-0.09,0.01,196,47
PM141,,J44 - D104,HHOLLJ44 - VF ACQUISITION D104,,,14,-1.3,53,80,0.17,0.48,22,-2,12,7,19,0.35,0.07,4,-0.06,0.03,201,48
PM142,,J44 - D172,HHOLLJ44 - VF SILVER BOW D172,,,12,0.1,65,102,0.23,0.8,22,-1,13,8,19,0.35,0.06,13,-0.01,0.02,209,50
PM143,,J44 - D706,HHOLLJ44 - DOING RIGHT,,,12,-0.8,53,81,0.18,0.33,24,-4,11,7,19,0.31,0.06,2,-0.19,0.01,201,48
PM144,,J44 - 3036,HHOLLJ44 - WOOD EMMETT 3036,,,15,-1.8,53,78,0.15,0.61,21,-1,10,9,20,0.25,0.07,2,-0.17,0.02,204,46
PM145,,J44 - 2385,HHOLLJ44 - ODOHERTY   2385,,,12,-0.2,60,88,0.18,0.81,23,-3,9,7,19,0.22,0.06,2,-0.22,0.01,188,47
PM146,,J44 - 8355,HHOLLJ44 - FEDDES LIBERATION D108- 8355,,,13,-0.8,60,92,0.2,0.87,24,-3,10,7,20,0.48,0.09,12,-0.17,0.01,209,49
PM147,,J44 - 8269,HHOLLJ44 - FEDDES DEFENDER Y17-8269,,,14,-0.7,59,89,0.18,0.99,22,-3,13,7,20,0.47,0.05,0,-0.12,0.02,214,48
PM148,,J02 - D104,HHOLLJ02 - VF ACQUISITION D104,,,14,-1.9,47,70,0.15,0.47,26,-1,11,7,17,0.31,0.06,5,-0.04,0.02,179,46
PM149,,J02 - D172,HHOLLJ02 - VF SILVER BOW D172,,,12,-0.5,59,92,0.21,0.78,26,0,12,8,17,0.31,0.05,14,0.02,0.01,187,49
PM150,?,J02 - D706,HHOLLJ02 - DOING RIGHT,,,12,-1.4,46,71,0.16,0.32,28,-3,10,6,18,0.28,0.05,4,-0.17,0.01,179,47
PM151,,J02 - 3036,HHOLLJ02 - WOOD EMMETT 3036,,,15,-2.3,47,68,0.13,0.59,25,0,9,9,18,0.22,0.06,3,-0.14,0.01,183,45
PM152,,J02 - 2385,HHOLLJ02 - ODOHERTY   2385,,,12,-0.8,53,78,0.16,0.79,27,-2,7,7,17,0.18,0.05,3,-0.19,0,167,46
PM153,,J02 - 8355,HHOLLJ02 - FEDDES LIBERATION D108- 8355,,,13,-1.4,53,83,0.18,0.85,27,-2,9,7,19,0.44,0.08,13,-0.14,0.01,187,48
PM154,,J02 - 8269,HHOLLJ02 - FEDDES DEFENDER Y17-8269,,,14,-1.2,53,79,0.16,0.98,26,-2,11,7,19,0.43,0.04,2,-0.1,0.01,193,47
PM155,,J22 - D104,HHOLLJ22 - VF ACQUISITION D104,,,15,-2.5,41,62,0.13,0.19,21,-3,10,7,17,0.32,0.05,5,-0.01,0.02,175,46
PM156,,J22 - D172,HHOLLJ22 - VF SILVER BOW D172,,,13,-1.1,53,84,0.19,0.5,21,-2,11,8,17,0.32,0.04,13,0.05,0.01,183,49
PM157,,J22 - D706,HHOLLJ22 - DOING RIGHT,,,13,-2,41,63,0.14,0.04,23,-4,9,7,17,0.28,0.04,3,-0.14,0.01,175,47
PM158,,J22 - 3036,HHOLLJ22 - WOOD EMMETT 3036,,,16,-2.9,41,60,0.12,0.32,20,-2,8,9,17,0.22,0.05,3,-0.11,0.01,178,45
PM159,,J22 - 2385,HHOLLJ22 - ODOHERTY   2385,,,13,-1.4,48,70,0.14,0.51,22,-4,7,7,17,0.19,0.04,3,-0.16,0,162,46
PM160,,J22 - 8355,HHOLLJ22 - FEDDES LIBERATION D108- 8355,,,14,-2,48,74,0.17,0.57,22,-4,8,7,18,0.45,0.07,13,-0.11,0.01,183,48
PM161,,J22 - 8269,HHOLLJ22 - FEDDES DEFENDER Y17-8269,,,15,-1.9,47,71,0.15,0.7,21,-4,11,8,18,0.44,0.03,1,-0.07,0.01,188,47
PM162,,J21 - D104,HHOLLJ21 - VF ACQUISITION D104,,,15,-2.9,42,62,0.13,0.23,22,-2,11,8,17,0.32,0.05,5,-0.02,0.02,177,46
PM163,,J21 - D172,HHOLLJ21 - VF SILVER BOW D172,,,13,-1.5,54,85,0.19,0.55,22,-1,12,8,17,0.32,0.04,14,0.03,0.01,185,49
PM164,,J21 - D706,HHOLLJ21 - DOING RIGHT,,,14,-2.4,42,64,0.14,0.09,24,-3,10,7,17,0.28,0.05,4,-0.15,0.01,177,47
PM165,,J21 - 3036,HHOLLJ21 - WOOD EMMETT 3036,,,17,-3.4,42,60,0.11,0.36,21,-1,9,10,17,0.22,0.06,3,-0.12,0.01,180,45
PM166,,J21 - 2385,HHOLLJ21 - ODOHERTY   2385,,,13,-1.8,48,70,0.14,0.56,23,-3,7,7,17,0.19,0.04,3,-0.18,0,164,45
PM167,,J21 - 8355,HHOLLJ21 - FEDDES LIBERATION D108- 8355,,,14,-2.4,48,75,0.16,0.62,23,-3,9,8,18,0.45,0.07,13,-0.12,0.01,185,48
PM168,,J21 - 8269,HHOLLJ21 - FEDDES DEFENDER Y17-8269,,,15,-2.3,48,71,0.15,0.74,22,-3,12,8,18,0.44,0.04,2,-0.09,0.01,190,47
PM169,,J40 - D104,HHOLLJ40 - VF ACQUISITION D104,,,15,-2.6,42,62,0.12,0.23,21,-2,10,7,17,0.32,0.06,4,-0.04,0.02,180,46
PM170,,J40 - D172,HHOLLJ40 - VF SILVER BOW D172,,,13,-1.2,54,84,0.19,0.54,21,-1,12,8,17,0.32,0.05,13,0.02,0.01,188,48
PM171,,J40 - D706,HHOLLJ40 - DOING RIGHT,,,14,-2.2,42,63,0.13,0.08,23,-4,9,7,18,0.28,0.05,2,-0.17,0.01,181,47
PM172,,J40 - 3036,HHOLLJ40 - WOOD EMMETT 3036,,,17,-3.1,42,60,0.11,0.35,20,-1,9,10,18,0.22,0.06,2,-0.14,0.01,184,45
PM173,,J40 - 2385,HHOLLJ40 - ODOHERTY   2385,,,13,-1.5,48,70,0.13,0.55,21,-3,7,7,17,0.19,0.04,2,-0.19,0,168,45
PM174,,J40 - 8355,HHOLLJ40 - FEDDES LIBERATION D108- 8355,,,14,-2.1,49,74,0.16,0.61,22,-3,8,7,18,0.45,0.08,12,-0.14,0.01,188,47
PM175,,J40 - 8269,HHOLLJ40 - FEDDES DEFENDER Y17-8269,,,15,-2,48,71,0.14,0.74,20,-3,11,8,19,0.44,0.04,0,-0.1,0.01,194,47
PM176,,J23 - D104,HHOLLJ23 - VF ACQUISITION D104,,,15,-2.5,44,65,0.13,0.23,21,-1,11,7,17,0.31,0.06,4,-0.05,0.02,182,46
PM177,,J23 - D172,HHOLLJ23 - VF SILVER BOW D172,,,13,-1.1,56,87,0.19,0.54,21,-1,12,8,17,0.32,0.05,13,0.01,0.01,190,49
PM178,,J23 - D706,HHOLLJ23 - DOING RIGHT,,,14,-2,44,66,0.14,0.08,23,-3,9,7,18,0.28,0.05,2,-0.18,0.01,182,47
PM179,,J23 - 3036,HHOLLJ23 - WOOD EMMETT 3036,,,17,-2.9,44,63,0.12,0.35,20,-1,9,9,18,0.22,0.06,2,-0.16,0.01,185,45
PM180,,J23 - 2385,HHOLLJ23 - ODOHERTY   2385,,,13,-1.4,51,73,0.14,0.55,21,-2,7,7,17,0.19,0.04,2,-0.2,0,169,46
PM181,,J23 - 8355,HHOLLJ23 - FEDDES LIBERATION D108- 8355,,,14,-2,51,77,0.17,0.61,22,-3,9,7,19,0.44,0.08,12,-0.16,0,190,48
PM182,,J23 - 8269,HHOLLJ23 - FEDDES DEFENDER Y17-8269,,,15,-1.9,50,74,0.15,0.74,20,-3,11,8,19,0.44,0.04,0,-0.11,0.01,195,47
PM183,,K03 - D104,HHOLLK03 - VF ACQUISITION D104,,,15,-2.8,43,63,0.13,0.24,20,-1,11,7,17,0.31,0.06,4,-0.05,0.02,180,46
PM184,,K03 - D172,HHOLLK03 - VF SILVER BOW D172,,,13,-1.4,55,85,0.19,0.55,20,0,12,8,17,0.31,0.05,13,0.01,0.01,189,48
PM185,,K03 - D706,HHOLLK03 - DOING RIGHT,,,13,-2.3,42,65,0.14,0.09,22,-3,10,6,18,0.28,0.05,3,-0.18,0.01,181,47
PM186,,K03 - 3036,HHOLLK03 - WOOD EMMETT 3036,,,17,-3.2,43,61,0.11,0.37,19,0,9,9,18,0.22,0.06,2,-0.15,0.01,184,45
PM187,?,K03 - 2385,HHOLLK03 - ODOHERTY   2385,,,13,-1.7,49,71,0.14,0.56,20,-2,7,7,17,0.18,0.04,2,-0.2,0,168,45
PM188,,K03 - 8355,HHOLLK03 - FEDDES LIBERATION D108- 8355,,,14,-2.2,49,76,0.16,0.62,21,-2,9,7,19,0.44,0.08,12,-0.15,0,189,48
PM189,,K03 - 8269,HHOLLK03 - FEDDES DEFENDER Y17-8269,,,15,-2.2,49,72,0.15,0.75,19,-2,11,7,19,0.43,0.04,1,-0.11,0.01,194,47
PM190,,K13 - D104,HHOLLK13 - VF ACQUISITION D104,,,14,-2.2,43,63,0.13,0.24,22,-2,11,7,17,0.32,0.05,5,-0.02,0.03,172,46
PM191,,K13 - D172,HHOLLK13 - VF SILVER BOW D172,,,13,-0.9,55,85,0.19,0.56,22,-2,12,8,16,0.33,0.04,14,0.04,0.01,181,49
PM192,,K13 - D706,HHOLLK13 - DOING RIGHT,,,13,-1.8,43,65,0.14,0.09,24,-4,9,7,17,0.29,0.05,3,-0.15,0.01,173,47
PM193,,K13 - 3036,HHOLLK13 - WOOD EMMETT 3036,,,16,-2.8,43,61,0.11,0.37,21,-2,9,9,17,0.23,0.05,3,-0.12,0.01,176,45
PM194,,K13 - 2385,HHOLLK13 - ODOHERTY   2385,,,13,-1.2,49,71,0.14,0.57,22,-4,7,7,16,0.19,0.04,3,-0.17,0,160,45
PM195,,K13 - 8355,HHOLLK13 - FEDDES LIBERATION D108- 8355,,,13,-1.8,49,76,0.16,0.63,23,-4,8,7,18,0.46,0.07,13,-0.12,0.01,181,48
PM196,,K13 - 8269,HHOLLK13 - FEDDES DEFENDER Y17-8269,,,14,-1.6,49,72,0.15,0.75,21,-4,11,7,18,0.44,0.03,1,-0.08,0.01,186,47
PM197,,K50 - D104,HHOLLK50 - VF ACQUISITION D104,,,15,-2.3,45,68,0.14,0.32,23,-1,11,8,19,0.33,0.05,4,-0.02,0.03,200,47
PM198,,K50 - D172,HHOLLK50 - VF SILVER BOW D172,,,13,-1,57,90,0.21,0.64,23,0,12,9,19,0.33,0.04,13,0.03,0.01,208,49
PM199,,K50 - D706,HHOLLK50 - DOING RIGHT,,,13,-1.9,45,69,0.15,0.17,25,-3,10,7,20,0.3,0.05,3,-0.16,0.01,200,47
PM200,,K50 - 3036,HHOLLK50 - WOOD EMMETT 3036,,,17,-2.8,45,66,0.13,0.45,22,0,9,10,20,0.23,0.05,2,-0.13,0.02,203,45
PM201,,K50 - 2385,HHOLLK50 - ODOHERTY   2385,,,13,-1.3,52,76,0.15,0.64,23,-2,8,8,19,0.2,0.04,2,-0.18,0,187,46
PM202,,K50 - 8355,HHOLLK50 - FEDDES LIBERATION D108- 8355,,,14,-1.9,52,80,0.18,0.7,24,-2,9,8,20,0.46,0.07,12,-0.13,0.01,208,48
PM203,,K50 - 8269,HHOLLK50 - FEDDES DEFENDER Y17-8269,,,15,-1.8,51,77,0.16,0.83,22,-3,12,8,21,0.45,0.03,0,-0.09,0.01,213,47
PM204,,K04 - D104,HHOLLK04 - VF ACQUISITION D104,,,14,-1.5,44,66,0.13,0.21,19,-3,10,7,16,0.33,0.06,5,-0.02,0.03,166,47
PM205,,K04 - D172,HHOLLK04 - VF SILVER BOW D172,,,12,-0.1,56,88,0.2,0.52,19,-2,12,7,16,0.33,0.05,13,0.03,0.01,175,49
PM206,,K04 - D706,HHOLLK04 - DOING RIGHT,,,12,-1,44,67,0.14,0.06,21,-4,9,6,16,0.3,0.05,3,-0.16,0.01,167,47
PM207,,K04 - 3036,HHOLLK04 - WOOD EMMETT 3036,,,15,-1.9,44,64,0.12,0.33,18,-2,9,9,16,0.23,0.06,3,-0.13,0.01,170,45
PM208,,K04 - 2385,HHOLLK04 - ODOHERTY   2385,,,12,-0.4,51,74,0.14,0.53,20,-4,7,6,16,0.2,0.04,3,-0.18,0,154,46
PM209,,K04 - 8355,HHOLLK04 - FEDDES LIBERATION D108- 8355,,,12,-1,51,78,0.17,0.59,21,-4,8,7,17,0.46,0.08,13,-0.13,0.01,175,48
PM210,,K04 - 8269,HHOLLK04 - FEDDES DEFENDER Y17-8269,,,14,-0.9,51,75,0.15,0.72,19,-4,11,7,17,0.45,0.04,1,-0.09,0.01,180,47
PM211,,K06 - D104,HHOLLK06 - VF ACQUISITION D104,,,15,-2.5,41,61,0.12,0.21,20,-1,11,7,18,0.32,0.05,5,-0.02,0.02,186,46
PM212,,K06 - D172,HHOLLK06 - VF SILVER BOW D172,,,13,-1.1,53,83,0.19,0.53,20,-1,12,8,18,0.32,0.04,13,0.03,0.01,194,48
PM213,,K06 - D706,HHOLLK06 - DOING RIGHT,,,13,-2,41,62,0.13,0.06,22,-3,9,7,19,0.28,0.05,3,-0.16,0.01,186,47
PM214,,K06 - 3036,HHOLLK06 - WOOD EMMETT 3036,,,16,-3,41,59,0.11,0.34,19,-1,9,9,19,0.22,0.05,3,-0.13,0.01,189,45
PM215,,K06 - 2385,HHOLLK06 - ODOHERTY   2385,,,13,-1.5,48,69,0.13,0.53,21,-2,7,7,18,0.19,0.04,3,-0.18,0,173,45
PM216,,K06 - 8355,HHOLLK06 - FEDDES LIBERATION D108- 8355,,,14,-2,48,73,0.16,0.59,22,-3,9,7,19,0.45,0.07,13,-0.13,0,194,47
PM217,,K06 - 8269,HHOLLK06 - FEDDES DEFENDER Y17-8269,,,15,-1.9,47,70,0.14,0.72,20,-3,11,7,19,0.44,0.03,1,-0.09,0.01,199,47
PM218,,K20 - D104,HHOLLK20 - VF ACQUISITION D104,,,14,-2,44,65,0.13,0.26,22,-2,11,7,18,0.31,0.05,4,-0.04,0.02,181,46
PM219,,K20 - D172,HHOLLK20 - VF SILVER BOW D172,,,13,-0.6,56,87,0.19,0.57,22,-1,12,8,17,0.32,0.05,13,0.02,0.01,190,49
PM220,?,K20 - D706,HHOLLK20 - DOING RIGHT,,,13,-1.5,44,66,0.14,0.11,24,-4,9,6,18,0.28,0.05,3,-0.17,0.01,182,47
PM221,,K20 - 3036,HHOLLK20 - WOOD EMMETT 3036,,,16,-2.5,44,63,0.12,0.38,21,-1,9,9,18,0.22,0.06,2,-0.14,0.01,185,45
PM222,,K20 - 2385,HHOLLK20 - ODOHERTY   2385,,,13,-1,50,73,0.14,0.58,23,-3,7,7,18,0.19,0.04,2,-0.19,0,169,45
PM223,,K20 - 8355,HHOLLK20 - FEDDES LIBERATION D108- 8355,,,13,-1.5,51,77,0.17,0.64,23,-3,9,7,19,0.44,0.07,12,-0.14,0,190,48
PM224,,K20 - 8269,HHOLLK20 - FEDDES DEFENDER Y17-8269,,,14,-1.4,50,74,0.15,0.77,22,-3,11,7,19,0.44,0.04,1,-0.1,0.01,195,47
PM225,,K45 - D104,HHOLLK45 - VF ACQUISITION D104,,,14,-1.6,46,67,0.13,0.2,19,-2,11,7,18,0.31,0.05,4,-0.03,0.02,184,47
PM226,,K45 - D172,HHOLLK45 - VF SILVER BOW D172,,,12,-0.3,57,89,0.2,0.52,20,-1,12,8,18,0.32,0.04,13,0.02,0.01,193,49
PM227,,K45 - D706,HHOLLK45 - DOING RIGHT,,,13,-1.2,45,68,0.14,0.06,22,-3,9,6,18,0.28,0.04,3,-0.16,0.01,185,47
PM228,,K45 - 3036,HHOLLK45 - WOOD EMMETT 3036,,,16,-2.1,46,65,0.12,0.33,18,-1,9,9,18,0.22,0.05,2,-0.14,0.01,188,45
PM229,?,K45 - 2385,HHOLLK45 - ODOHERTY   2385,,,12,-0.6,52,75,0.14,0.53,20,-3,7,7,18,0.19,0.04,2,-0.19,0,172,46
PM230,,K45 - 8355,HHOLLK45 - FEDDES LIBERATION D108- 8355,,,13,-1.1,52,79,0.17,0.59,21,-3,9,7,19,0.44,0.07,12,-0.14,0,193,48
PM231,,K45 - 8269,HHOLLK45 - FEDDES DEFENDER Y17-8269,,,14,-1,52,76,0.15,0.71,19,-3,11,7,19,0.44,0.03,1,-0.09,0.01,198,47
PM232,,K38 - D104,HHOLLK38 - VF ACQUISITION D104,,,15,-2.4,44,65,0.13,0.28,19,-1,11,7,17,0.31,0.06,4,-0.05,0.02,179,46
PM233,,K38 - D172,HHOLLK38 - VF SILVER BOW D172,,,13,-1,56,87,0.19,0.6,19,0,12,8,17,0.32,0.05,13,0.01,0.01,187,49
PM234,,K38 - D706,HHOLLK38 - DOING RIGHT,,,13,-2,44,66,0.14,0.13,21,-3,9,7,18,0.28,0.05,3,-0.18,0.01,179,47
PM235,,K38 - 3036,HHOLLK38 - WOOD EMMETT 3036,,,16,-2.9,44,63,0.12,0.41,18,0,9,9,18,0.22,0.06,2,-0.15,0.01,183,45
PM236,,K38 - 2385,HHOLLK38 - ODOHERTY   2385,,,13,-1.4,50,73,0.14,0.61,20,-2,7,7,17,0.19,0.04,2,-0.2,0,166,45
PM237,,K38 - 8355,HHOLLK38 - FEDDES LIBERATION D108- 8355,,,14,-1.9,50,77,0.17,0.67,21,-2,9,7,18,0.44,0.08,12,-0.15,0,187,48
PM238,,K38 - 8269,HHOLLK38 - FEDDES DEFENDER Y17-8269,,,15,-1.8,50,73,0.15,0.79,19,-3,11,7,18,0.44,0.04,0,-0.11,0.01,192,47
PM239,,K11 - D104,HHOLLK11 - VF ACQUISITION D104,,,15,-2.5,42,61,0.12,0.15,20,-2,11,8,18,0.32,0.05,5,-0.02,0.02,182,46
PM240,,K11 - D172,HHOLLK11 - VF SILVER BOW D172,,,13,-1.2,54,83,0.18,0.46,20,-1,12,8,17,0.32,0.04,13,0.03,0.01,191,48
PM241,,K11 - D706,HHOLLK11 - DOING RIGHT,,,14,-2.1,41,62,0.13,0,22,-4,9,7,18,0.28,0.05,3,-0.16,0.01,183,47
PM242,,K11 - 3036,HHOLLK11 - WOOD EMMETT 3036,,,17,-3,42,59,0.11,0.27,19,-1,9,10,18,0.22,0.05,3,-0.13,0.01,186,45
PM243,,K11 - 2385,HHOLLK11 - ODOHERTY   2385,,,13,-1.5,48,69,0.13,0.47,20,-3,7,7,17,0.19,0.04,3,-0.18,0,170,45
PM244,,K11 - 8355,HHOLLK11 - FEDDES LIBERATION D108- 8355,,,14,-2,48,73,0.16,0.53,21,-3,9,7,19,0.45,0.07,13,-0.13,0.01,191,47
PM245,,K11 - 8269,HHOLLK11 - FEDDES DEFENDER Y17-8269,,,15,-2,48,70,0.14,0.66,19,-3,11,8,19,0.44,0.03,1,-0.09,0.01,196,47
PM246,,K16 - D104,HHOLLK16 - VF ACQUISITION D104,,,15,-2.4,46,68,0.14,0.44,20,-2,12,8,19,0.33,0.06,5,-0.02,0.03,196,46
PM247,,K16 - D172,HHOLLK16 - VF SILVER BOW D172,,,13,-1,58,91,0.21,0.76,20,-1,13,9,19,0.33,0.05,14,0.03,0.01,205,49
PM248,,K16 - D706,HHOLLK16 - DOING RIGHT,,,13,-2,46,70,0.15,0.3,22,-4,10,8,19,0.3,0.05,4,-0.16,0.01,197,47
PM249,,K16 - 3036,HHOLLK16 - WOOD EMMETT 3036,,,17,-2.9,46,66,0.13,0.57,19,-1,10,10,19,0.23,0.06,3,-0.13,0.01,200,45
PM250,,K16 - 2385,HHOLLK16 - ODOHERTY   2385,,,13,-1.4,52,77,0.15,0.77,21,-3,8,8,19,0.2,0.04,3,-0.18,0,184,46
PM251,,K16 - 8355,HHOLLK16 - FEDDES LIBERATION D108- 8355,,,14,-1.9,53,81,0.18,0.83,22,-3,9,8,20,0.46,0.08,13,-0.13,0.01,205,48
PM252,,K16 - 8269,HHOLLK16 - FEDDES DEFENDER Y17-8269,,,15,-1.8,52,77,0.16,0.95,20,-3,12,8,20,0.45,0.04,1,-0.09,0.01,210,47
PM253,,L38 - D104,HHOLLL38 - VF ACQUISITION D104,,,14,-1.6,43,65,0.14,0.28,22,-3,12,8,18,0.34,0.05,4,-0.01,0.03,188,47
PM254,,L38 - D172,HHOLLL38 - VF SILVER BOW D172,,,12,-0.2,55,87,0.2,0.59,22,-2,13,8,18,0.35,0.04,13,0.05,0.02,196,49
PM255,,L38 - D706,HHOLLL38 - DOING RIGHT,,,13,-1.1,43,66,0.15,0.13,24,-5,10,7,18,0.31,0.05,3,-0.14,0.01,188,47
PM256,,L38 - 3036,HHOLLL38 - WOOD EMMETT 3036,,,16,-2.1,43,63,0.12,0.41,21,-2,10,10,19,0.25,0.06,2,-0.11,0.02,191,45
PM257,,L38 - 2385,HHOLLL38 - ODOHERTY   2385,,,12,-0.6,49,73,0.15,0.6,22,-4,8,7,18,0.22,0.04,2,-0.16,0.01,175,46
PM258,,L38 - 8355,HHOLLL38 - FEDDES LIBERATION D108- 8355,,,13,-1.1,50,77,0.17,0.66,23,-4,9,7,19,0.48,0.07,12,-0.11,0.01,196,48
PM259,,L38 - 8269,HHOLLL38 - FEDDES DEFENDER Y17-8269,,,14,-1,49,74,0.15,0.79,21,-4,12,8,19,0.46,0.04,1,-0.07,0.02,201,47
PM260,,L65 - D104,HHOLLL65 - VF ACQUISITION D104,,,15,-2,50,75,0.15,0.35,19,-3,12,8,18,0.34,0.06,4,-0.03,0.03,190,47
PM261,,L65 - D172,HHOLLL65 - VF SILVER BOW D172,,,13,-0.7,62,97,0.22,0.67,19,-2,13,8,17,0.35,0.05,13,0.02,0.02,199,50
PM262,,L65 - D706,HHOLLL65 - DOING RIGHT,,,13,-1.6,50,76,0.16,0.21,21,-5,10,7,18,0.31,0.05,2,-0.16,0.01,191,48
PM263,,L65 - 3036,HHOLLL65 - WOOD EMMETT 3036,,,16,-2.5,50,73,0.14,0.48,18,-2,10,10,18,0.25,0.06,2,-0.14,0.02,194,46
PM264,,L65 - 2385,HHOLLL65 - ODOHERTY   2385,,,13,-1,57,83,0.16,0.68,20,-4,8,8,17,0.22,0.05,2,-0.19,0.01,178,47
PM265,,L65 - 8355,HHOLLL65 - FEDDES LIBERATION D108- 8355,,,14,-1.6,57,87,0.19,0.74,20,-4,9,8,19,0.48,0.08,12,-0.14,0.01,199,49
PM266,,L65 - 8269,HHOLLL65 - FEDDES DEFENDER Y17-8269,,,15,-1.5,56,84,0.17,0.86,18,-4,12,8,19,0.46,0.04,0,-0.09,0.02,204,48
PM267,,L18 - D104,HHOLLL18 - VF ACQUISITION D104,,,13,-1.1,47,71,0.15,0.35,21,-2,12,7,19,0.35,0.07,4,-0.06,0.03,198,47
PM268,,L18 - D172,HHOLLL18 - VF SILVER BOW D172,,,11,0.2,59,93,0.21,0.67,21,-1,13,7,19,0.35,0.06,13,-0.01,0.02,206,49
PM269,,L18 - D706,HHOLLL18 - DOING RIGHT,,,12,-0.6,47,72,0.16,0.21,23,-4,11,6,20,0.31,0.06,2,-0.19,0.01,198,48
PM270,,L18 - 3036,HHOLLL18 - WOOD EMMETT 3036,,,15,-1.6,47,69,0.14,0.48,20,-1,10,9,20,0.25,0.07,2,-0.17,0.02,201,46
PM271,,L18 - 2385,HHOLLL18 - ODOHERTY   2385,,,11,-0.1,54,79,0.16,0.68,22,-3,9,6,19,0.22,0.06,2,-0.22,0.01,185,46
PM272,,L18 - 8355,HHOLLL18 - FEDDES LIBERATION D108- 8355,,,12,-0.6,54,84,0.19,0.74,22,-3,10,7,20,0.48,0.09,12,-0.17,0.01,206,48
PM273,,L18 - 8269,HHOLLL18 - FEDDES DEFENDER Y17-8269,,,13,-0.5,53,80,0.17,0.86,21,-3,13,7,21,0.47,0.05,0,-0.12,0.02,211,48
PM274,,L50 - D104,HHOLLL50 - VF ACQUISITION D104,,,14,-1.7,48,73,0.15,0.39,24,-1,12,7,19,0.32,0.06,4,-0.04,0.03,198,47
PM275,,L50 - D172,HHOLLL50 - VF SILVER BOW D172,,,12,-0.3,60,95,0.22,0.71,24,0,13,8,19,0.33,0.05,13,0.02,0.01,206,49
PM276,,L50 - D706,HHOLLL50 - DOING RIGHT,,,12,-1.2,48,74,0.16,0.25,26,-3,11,7,20,0.29,0.05,3,-0.17,0.01,198,48
PM277,,L50 - 3036,HHOLLL50 - WOOD EMMETT 3036,,,15,-2.2,48,71,0.14,0.52,23,0,10,9,20,0.23,0.06,3,-0.14,0.02,201,46
PM278,,L50 - 2385,HHOLLL50 - ODOHERTY   2385,,,12,-0.6,55,81,0.16,0.72,25,-2,8,7,19,0.19,0.05,2,-0.19,0,185,46
PM279,,L50 - 8355,HHOLLL50 - FEDDES LIBERATION D108- 8355,,,13,-1.2,55,85,0.19,0.78,25,-2,10,7,20,0.46,0.08,12,-0.14,0.01,206,48
PM280,,L50 - 8269,HHOLLL50 - FEDDES DEFENDER Y17-8269,,,14,-1.1,55,82,0.17,0.91,24,-2,13,7,20,0.44,0.04,1,-0.1,0.01,211,48
PM281,,L04 - D104,HHOLLL04 - VF ACQUISITION D104,,,15,-2.3,45,66,0.14,0.31,19,-2,12,8,19,0.33,0.05,4,-0.03,0.03,195,46
PM282,,L04 - D172,HHOLLL04 - VF SILVER BOW D172,,,13,-1,57,89,0.2,0.62,19,-1,13,8,18,0.33,0.05,13,0.02,0.01,203,49
PM283,,L04 - D706,HHOLLL04 - DOING RIGHT,,,13,-1.9,44,68,0.15,0.16,21,-4,10,7,19,0.3,0.05,2,-0.16,0.01,195,47
PM284,,L04 - 3036,HHOLLL04 - WOOD EMMETT 3036,,,16,-2.8,45,64,0.12,0.44,18,-1,10,10,19,0.23,0.06,2,-0.14,0.02,198,45
PM285,,L04 - 2385,HHOLLL04 - ODOHERTY   2385,,,13,-1.3,51,75,0.15,0.63,20,-3,8,8,19,0.2,0.04,2,-0.19,0,182,46
PM286,,L04 - 8355,HHOLLL04 - FEDDES LIBERATION D108- 8355,,,14,-1.9,51,79,0.17,0.69,21,-3,10,8,20,0.46,0.07,12,-0.14,0.01,203,48
PM287,,L04 - 8269,HHOLLL04 - FEDDES DEFENDER Y17-8269,,,15,-1.8,51,75,0.15,0.82,19,-4,12,8,20,0.45,0.04,0,-0.09,0.01,208,47
PM288,,L53 - D104,HHOLLL53 - VF ACQUISITION D104,,,12,0.1,53,78,0.16,0.29,20,-2,12,6,19,0.33,0.05,4,-0.03,0.03,199,48
PM289,,L53 - D172,HHOLLL53 - VF SILVER BOW D172,,,11,1.5,65,100,0.22,0.6,20,-1,13,7,19,0.33,0.04,12,0.02,0.01,208,50
PM290,,L53 - D706,HHOLLL53 - DOING RIGHT,,,11,0.6,52,80,0.17,0.14,22,-4,10,6,20,0.3,0.05,2,-0.16,0.01,200,49
PM291,,L53 - 3036,HHOLLL53 - WOOD EMMETT 3036,,,14,-0.4,53,76,0.15,0.41,19,-1,10,8,20,0.23,0.05,2,-0.14,0.01,203,47
PM292,,L53 - 2385,HHOLLL53 - ODOHERTY   2385,,,11,1.2,59,86,0.17,0.61,21,-3,8,6,19,0.2,0.04,2,-0.19,0,187,47
PM293,,L53 - 8355,HHOLLL53 - FEDDES LIBERATION D108- 8355,,,11,0.6,59,91,0.2,0.67,21,-3,10,6,20,0.46,0.07,12,-0.14,0.01,208,49
PM294,,L53 - 8269,HHOLLL53 - FEDDES DEFENDER Y17-8269,,,12,0.7,59,87,0.18,0.8,20,-3,12,7,21,0.45,0.03,0,-0.09,0.01,213,49
PM295,,L37 - D104,HHOLLL37 - VF ACQUISITION D104,,,14,-1.2,48,72,0.15,0.39,21,-2,11,7,20,0.33,0.06,4,-0.04,0.03,203,47
PM296,,L37 - D172,HHOLLL37 - VF SILVER BOW D172,,,12,0.1,60,94,0.21,0.7,21,-1,12,8,20,0.33,0.05,12,0.02,0.01,211,49
PM297,,L37 - D706,HHOLLL37 - DOING RIGHT,,,12,-0.8,47,73,0.16,0.24,23,-3,10,7,20,0.3,0.05,2,-0.17,0.01,204,48
PM298,,L37 - 3036,HHOLLL37 - WOOD EMMETT 3036,,,15,-1.7,48,70,0.14,0.51,20,-1,9,9,21,0.23,0.06,2,-0.14,0.01,207,46
PM299,,L37 - 2385,HHOLLL37 - ODOHERTY   2385,,,12,-0.2,54,80,0.16,0.71,22,-3,8,7,20,0.2,0.04,2,-0.19,0,191,46
PM300,,L37 - 8355,HHOLLL37 - FEDDES LIBERATION D108- 8355,,,12,-0.8,54,84,0.19,0.77,23,-3,9,7,21,0.46,0.08,12,-0.14,0.01,212,48
PM301,,L37 - 8269,HHOLLL37 - FEDDES DEFENDER Y17-8269,,,14,-0.6,54,81,0.17,0.9,21,-3,12,8,21,0.45,0.04,0,-0.1,0.01,217,48
PM302,,L27 - D104,HHOLLL27 - VF ACQUISITION D104,,,15,-2.9,46,70,0.15,0.4,27,-2,12,8,18,0.34,0.06,5,-0.02,0.03,194,47
PM303,,L27 - D172,HHOLLL27 - VF SILVER BOW D172,,,13,-1.5,58,92,0.21,0.71,27,-1,13,8,18,0.34,0.05,13,0.03,0.02,202,49
PM304,,L27 - D706,HHOLLL27 - DOING RIGHT,,,14,-2.4,46,71,0.16,0.25,29,-4,11,7,19,0.3,0.05,3,-0.15,0.01,194,47
PM305,,L27 - 3036,HHOLLL27 - WOOD EMMETT 3036,,,17,-3.4,46,68,0.14,0.53,26,-1,10,10,19,0.24,0.06,3,-0.12,0.02,197,45
PM306,,L27 - 2385,HHOLLL27 - ODOHERTY   2385,,,13,-1.8,53,78,0.16,0.72,28,-3,8,8,18,0.2,0.04,3,-0.18,0,181,46
PM307,,L27 - 8355,HHOLLL27 - FEDDES LIBERATION D108- 8355,,,14,-2.4,53,82,0.19,0.78,28,-3,10,8,19,0.47,0.08,13,-0.12,0.01,202,48
PM308,,L27 - 8269,HHOLLL27 - FEDDES DEFENDER Y17-8269,,,15,-2.3,52,79,0.17,0.91,27,-3,13,8,20,0.45,0.04,1,-0.09,0.02,207,47
PM309,,L10 - D104,HHOLLL10 - VF ACQUISITION D104,,,14,-1.5,46,68,0.14,0.27,18,-2,12,7,19,0.34,0.06,3,-0.05,0.03,194,47
PM310,,L10 - D172,HHOLLL10 - VF SILVER BOW D172,,,12,-0.1,58,90,0.2,0.59,18,-2,13,8,19,0.34,0.05,12,0.01,0.02,203,49
PM311,,L10 - D706,HHOLLL10 - DOING RIGHT,,,13,-1,45,69,0.15,0.12,20,-4,10,7,19,0.3,0.05,2,-0.18,0.01,195,47
PM312,,L10 - 3036,HHOLLL10 - WOOD EMMETT 3036,,,16,-1.9,46,66,0.12,0.4,17,-2,10,9,19,0.24,0.06,1,-0.15,0.02,198,45
PM313,?,L10 - 2385,HHOLLL10 - ODOHERTY   2385,,,12,-0.4,52,76,0.15,0.59,19,-4,8,7,19,0.2,0.05,1,-0.2,0,182,46
PM314,,L10 - 8355,HHOLLL10 - FEDDES LIBERATION D108- 8355,,,13,-1,52,80,0.17,0.66,20,-4,9,7,20,0.47,0.08,11,-0.15,0.01,203,48
PM315,,L10 - 8269,HHOLLL10 - FEDDES DEFENDER Y17-8269,,,14,-0.9,52,76,0.16,0.78,18,-4,12,7,20,0.45,0.04,0,-0.11,0.02,208,47
PM316,,L07 - D104,HHOLLL07 - VF ACQUISITION D104,,,14,-1.5,46,69,0.14,0.31,23,-2,12,7,19,0.32,0.06,4,-0.04,0.03,197,47
PM317,,L07 - D172,HHOLLL07 - VF SILVER BOW D172,,,12,-0.1,58,91,0.21,0.63,23,-1,13,8,19,0.33,0.05,12,0.02,0.01,205,49
PM318,,L07 - D706,HHOLLL07 - DOING RIGHT,,,12,-1,46,71,0.15,0.16,25,-4,10,6,20,0.29,0.05,2,-0.17,0.01,197,47
PM319,,L07 - 3036,HHOLLL07 - WOOD EMMETT 3036,,,16,-1.9,46,67,0.13,0.44,21,-1,10,9,20,0.23,0.06,2,-0.14,0.02,200,45
PM320,,L07 - 2385,HHOLLL07 - ODOHERTY   2385,,,12,-0.4,53,77,0.15,0.64,23,-3,8,7,19,0.19,0.05,2,-0.19,0,184,46
PM321,,L07 - 8355,HHOLLL07 - FEDDES LIBERATION D108- 8355,,,13,-1,53,82,0.18,0.7,24,-3,10,7,20,0.46,0.08,12,-0.14,0.01,205,48
PM322,,L07 - 8269,HHOLLL07 - FEDDES DEFENDER Y17-8269,,,14,-0.9,52,78,0.16,0.82,22,-4,12,7,20,0.44,0.04,0,-0.1,0.01,210,47
PM323,,L35 - D104,HHOLLL35 - VF ACQUISITION D104,,,14,-1.9,42,63,0.13,0.27,24,-3,11,7,17,0.32,0.05,5,-0.02,0.02,175,46
PM324,,L35 - D172,HHOLLL35 - VF SILVER BOW D172,,,12,-0.5,54,85,0.19,0.59,24,-2,12,8,17,0.33,0.04,13,0.03,0.01,184,49
PM325,,L35 - D706,HHOLLL35 - DOING RIGHT,,,13,-1.4,42,64,0.14,0.12,26,-4,9,7,17,0.29,0.05,3,-0.15,0.01,176,47
PM326,,L35 - 3036,HHOLLL35 - WOOD EMMETT 3036,,,16,-2.3,42,61,0.12,0.4,23,-2,9,9,18,0.23,0.05,3,-0.12,0.01,179,45
PM327,,L35 - 2385,HHOLLL35 - ODOHERTY   2385,,,12,-0.8,49,71,0.14,0.59,24,-4,7,7,17,0.19,0.04,3,-0.18,0,163,45
PM328,,L35 - 8355,HHOLLL35 - FEDDES LIBERATION D108- 8355,,,13,-1.4,49,75,0.17,0.66,25,-4,9,7,18,0.46,0.07,13,-0.12,0.01,184,48
PM329,,L35 - 8269,HHOLLL35 - FEDDES DEFENDER Y17-8269,,,14,-1.2,49,72,0.15,0.78,23,-4,11,7,18,0.44,0.03,1,-0.09,0.01,189,47
PM330,,L47 - D104,HHOLLL47 - VF ACQUISITION D104,,,15,-2.3,44,67,0.14,0.31,22,-3,11,8,18,0.34,0.05,4,-0.02,0.03,189,47
PM331,,L47 - D172,HHOLLL47 - VF SILVER BOW D172,,,13,-1,56,89,0.21,0.62,22,-2,12,8,18,0.34,0.04,13,0.04,0.02,198,49
PM332,,L47 - D706,HHOLLL47 - DOING RIGHT,,,13,-1.9,44,68,0.15,0.16,24,-5,10,7,18,0.3,0.05,2,-0.15,0.01,190,47
PM333,,L47 - 3036,HHOLLL47 - WOOD EMMETT 3036,,,16,-2.8,44,65,0.13,0.43,21,-2,9,10,19,0.24,0.05,2,-0.12,0.02,193,45
PM334,,L47 - 2385,HHOLLL47 - ODOHERTY   2385,,,13,-1.3,50,75,0.15,0.63,23,-4,8,7,18,0.2,0.04,2,-0.17,0,177,46
PM335,,L47 - 8355,HHOLLL47 - FEDDES LIBERATION D108- 8355,,,14,-1.9,51,79,0.18,0.69,24,-4,9,8,19,0.47,0.07,12,-0.12,0.01,198,48
PM336,,L47 - 8269,HHOLLL47 - FEDDES DEFENDER Y17-8269,,,15,-1.8,50,76,0.16,0.82,22,-4,12,8,19,0.45,0.03,0,-0.08,0.02,203,47
PM337,,L15 - D104,HHOLLL15 - VF ACQUISITION D104,,,15,-2.4,46,67,0.13,0.36,18,-2,11,7,18,0.32,0.05,5,-0.02,0.02,189,46
PM338,,L15 - D172,HHOLLL15 - VF SILVER BOW D172,,,13,-1,58,89,0.2,0.67,18,-1,12,8,18,0.32,0.04,13,0.03,0.01,198,49
PM339,,L15 - D706,HHOLLL15 - DOING RIGHT,,,13,-2,46,69,0.14,0.21,20,-3,9,7,19,0.28,0.05,3,-0.16,0.01,190,47
PM340,,L15 - 3036,HHOLLL15 - WOOD EMMETT 3036,,,16,-2.9,46,65,0.12,0.48,17,-1,9,9,19,0.22,0.05,3,-0.13,0.01,193,45
PM341,,L15 - 2385,HHOLLL15 - ODOHERTY   2385,,,13,-1.4,52,75,0.14,0.68,19,-3,7,7,18,0.19,0.04,3,-0.18,0,177,45
PM342,,L15 - 8355,HHOLLL15 - FEDDES LIBERATION D108- 8355,,,14,-1.9,52,80,0.17,0.74,19,-3,9,7,19,0.45,0.07,13,-0.13,0,198,48
PM343,,L15 - 8269,HHOLLL15 - FEDDES DEFENDER Y17-8269,,,15,-1.8,52,76,0.15,0.87,17,-3,11,7,20,0.44,0.03,1,-0.09,0.01,203,47
PM344,,L05 - D104,HHOLLL05 - VF ACQUISITION D104,,,16,-3.2,46,67,0.13,0.31,22,-1,11,8,17,0.31,0.06,4,-0.05,0.02,184,46
PM345,,L05 - D172,HHOLLL05 - VF SILVER BOW D172,,,14,-1.9,58,89,0.2,0.62,22,-1,12,9,17,0.32,0.05,13,0.01,0.01,193,49
PM346,,L05 - D706,HHOLLL05 - DOING RIGHT,,,15,-2.8,45,68,0.14,0.16,24,-3,9,7,18,0.28,0.05,2,-0.18,0.01,185,47
PM347,,L05 - 3036,HHOLLL05 - WOOD EMMETT 3036,,,18,-3.7,46,65,0.12,0.44,21,-1,9,10,18,0.22,0.06,2,-0.16,0.01,188,45
PM348,,L05 - 2385,HHOLLL05 - ODOHERTY   2385,,,14,-2.2,52,75,0.14,0.63,23,-2,7,8,17,0.19,0.04,2,-0.2,0,172,45
PM349,,L05 - 8355,HHOLLL05 - FEDDES LIBERATION D108- 8355,,,15,-2.7,52,79,0.17,0.69,23,-3,9,8,18,0.44,0.08,12,-0.16,0,193,48
PM350,,L05 - 8269,HHOLLL05 - FEDDES DEFENDER Y17-8269,,,16,-2.6,52,76,0.15,0.82,22,-3,11,8,19,0.44,0.04,0,-0.11,0.01,198,47
PM351,,L44 - D104,HHOLLL44 - VF ACQUISITION D104,,,14,-2,50,75,0.16,0.48,24,-2,12,8,19,0.33,0.06,5,-0.02,0.03,199,47
PM352,,L44 - D172,HHOLLL44 - VF SILVER BOW D172,,,13,-0.6,62,97,0.22,0.8,24,-1,13,9,19,0.33,0.05,14,0.03,0.01,208,49
PM353,,L44 - D706,HHOLLL44 - DOING RIGHT,,,13,-1.5,49,76,0.17,0.33,26,-4,10,7,19,0.3,0.05,4,-0.16,0.01,200,48
PM354,,L44 - 3036,HHOLLL44 - WOOD EMMETT 3036,,,16,-2.4,50,73,0.14,0.61,23,-1,10,10,20,0.23,0.06,3,-0.13,0.01,203,46
PM355,,L44 - 2385,HHOLLL44 - ODOHERTY   2385,,,13,-0.9,56,83,0.17,0.8,25,-3,8,8,19,0.2,0.04,3,-0.18,0,187,46
PM356,,L44 - 8355,HHOLLL44 - FEDDES LIBERATION D108- 8355,,,13,-1.5,56,87,0.19,0.86,26,-3,9,8,20,0.46,0.08,13,-0.13,0.01,208,48
PM357,,L44 - 8269,HHOLLL44 - FEDDES DEFENDER Y17-8269,,,14,-1.4,56,84,0.17,0.99,24,-3,12,8,20,0.45,0.04,1,-0.09,0.01,213,48
PM358,,M01 - D104,HHOLLM01 - VF ACQUISITION D104,,,14,-1.8,45,64,0.12,0.32,20,-2,11,7,18,0.32,0.04,4,0.02,0.02,183,46
PM359,,M01 - D172,HHOLLM01 - VF SILVER BOW D172,,,12,-0.4,57,87,0.19,0.64,20,-1,12,7,18,0.33,0.03,12,0.07,0.01,192,48
PM360,,M01 - D706,HHOLLM01 - DOING RIGHT,,,12,-1.3,44,66,0.13,0.18,22,-4,9,6,19,0.29,0.03,2,-0.12,0.01,184,47
PM361,,M01 - 3036,HHOLLM01 - WOOD EMMETT 3036,,,16,-2.2,45,62,0.11,0.45,19,-1,9,9,19,0.23,0.04,2,-0.09,0.01,187,45
PM362,?,M01 - 2385,HHOLLM01 - ODOHERTY   2385,,,12,-0.7,51,72,0.13,0.65,21,-3,7,6,18,0.19,0.02,2,-0.14,0,171,45
PM363,,M01 - 8355,HHOLLM01 - FEDDES LIBERATION D108- 8355,,,13,-1.2,51,77,0.16,0.71,21,-3,9,6,19,0.46,0.06,12,-0.09,0.01,192,47
PM364,,M01 - 8269,HHOLLM01 - FEDDES DEFENDER Y17-8269,,,14,-1.1,51,73,0.14,0.83,20,-3,11,7,19,0.44,0.02,0,-0.05,0.01,197,47
PM365,,M31 - D104,HHOLLM31 - VF ACQUISITION D104,,,13,-0.6,50,75,0.16,0.35,21,-2,11,6,20,0.33,0.06,4,-0.04,0.03,202,47
PM366,,M31 - D172,HHOLLM31 - VF SILVER BOW D172,,,11,0.8,62,97,0.22,0.67,21,-1,12,7,20,0.33,0.05,12,0.02,0.01,211,50
PM367,,M31 - D706,HHOLLM31 - DOING RIGHT,,,11,-0.1,50,76,0.17,0.2,23,-3,10,6,20,0.3,0.05,2,-0.17,0.01,203,48
PM368,,M31 - 3036,HHOLLM31 - WOOD EMMETT 3036,,,14,-1.1,50,73,0.14,0.48,20,-1,9,8,21,0.23,0.06,2,-0.14,0.01,206,46
PM369,,M31 - 2385,HHOLLM31 - ODOHERTY   2385,,,11,0.4,56,83,0.17,0.68,21,-3,8,6,20,0.2,0.04,2,-0.19,0,190,47
PM370,,M31 - 8355,HHOLLM31 - FEDDES LIBERATION D108- 8355,,,11,-0.1,56,88,0.19,0.74,22,-3,9,6,21,0.46,0.08,12,-0.14,0.01,211,49
PM371,,M31 - 8269,HHOLLM31 - FEDDES DEFENDER Y17-8269,,,13,0,56,84,0.17,0.86,20,-3,12,7,21,0.45,0.04,0,-0.1,0.01,216,48
PM372,,M25 - D104,HHOLLM25 - VF ACQUISITION D104,,,13,-1.4,47,70,0.14,0.29,19,-2,12,6,19,0.33,0.06,4,-0.04,0.03,194,47
PM373,,M25 - D172,HHOLLM25 - VF SILVER BOW D172,,,11,-0.1,59,92,0.21,0.6,19,-1,13,6,19,0.33,0.05,13,0.02,0.02,202,49
PM374,,M25 - D706,HHOLLM25 - DOING RIGHT,,,12,-0.9,47,71,0.15,0.14,21,-4,10,5,20,0.3,0.06,3,-0.17,0.01,194,47
PM375,,M25 - 3036,HHOLLM25 - WOOD EMMETT 3036,,,15,-1.9,47,68,0.13,0.41,18,-1,10,8,20,0.23,0.07,2,-0.14,0.02,197,45
PM376,,M25 - 2385,HHOLLM25 - ODOHERTY   2385,,,11,-0.4,54,78,0.15,0.61,19,-3,8,6,19,0.2,0.05,2,-0.19,0.01,181,46
PM377,,M25 - 8355,HHOLLM25 - FEDDES LIBERATION D108- 8355,,,12,-0.9,54,82,0.18,0.67,20,-3,10,6,20,0.46,0.08,12,-0.14,0.01,202,48
PM378,,M25 - 8269,HHOLLM25 - FEDDES DEFENDER Y17-8269,,,13,-0.8,53,79,0.16,0.8,18,-3,12,6,20,0.45,0.05,0,-0.1,0.02,207,47
PM379,,M05 - D104,HHOLLM05 - VF ACQUISITION D104,,,14,-2,48,71,0.15,0.49,21,-3,12,7,17,0.32,0.06,5,-0.02,0.03,182,46
PM380,,M05 - D172,HHOLLM05 - VF SILVER BOW D172,,,12,-0.6,60,93,0.21,0.81,21,-2,13,7,17,0.33,0.05,14,0.03,0.01,191,49
PM381,,M05 - D706,HHOLLM05 - DOING RIGHT,,,13,-1.5,48,72,0.16,0.35,23,-5,10,6,18,0.29,0.05,4,-0.15,0.01,183,47
PM382,,M05 - 3036,HHOLLM05 - WOOD EMMETT 3036,,,16,-2.5,48,69,0.13,0.62,20,-3,10,9,18,0.23,0.06,3,-0.12,0.02,186,45
PM383,,M05 - 2385,HHOLLM05 - ODOHERTY   2385,,,12,-1,54,79,0.16,0.82,22,-4,8,7,17,0.19,0.04,3,-0.18,0,170,46
PM384,,M05 - 8355,HHOLLM05 - FEDDES LIBERATION D108- 8355,,,13,-1.5,54,84,0.18,0.88,22,-4,10,7,19,0.46,0.08,13,-0.12,0.01,191,48
PM385,,M05 - 8269,HHOLLM05 - FEDDES DEFENDER Y17-8269,,,14,-1.4,54,80,0.16,1,21,-5,12,7,19,0.44,0.04,2,-0.09,0.01,196,47
PM386,,N58 - D104,HHOLLN58 - VF ACQUISITION D104,,,14,-2,48,71,0.15,0.42,21,-2,12,6,20,0.34,0.06,4,-0.03,0.03,204,47
PM387,,N58 - D172,HHOLLN58 - VF SILVER BOW D172,,,12,-0.7,60,94,0.21,0.74,22,-1,13,7,20,0.34,0.05,13,0.02,0.01,212,49
PM388,?,N58 - D706,HHOLLN58 - DOING RIGHT,,,13,-1.6,48,73,0.16,0.27,23,-4,11,6,21,0.3,0.05,2,-0.16,0.01,205,47
PM389,,N58 - 3036,HHOLLN58 - WOOD EMMETT 3036,,,16,-2.5,48,69,0.13,0.55,20,-1,10,8,21,0.24,0.06,2,-0.14,0.02,208,45
PM390,,N58 - 2385,HHOLLN58 - ODOHERTY   2385,,,12,-1,54,79,0.16,0.74,22,-3,8,6,20,0.2,0.04,2,-0.19,0,192,46
PM391,,N58 - 8355,HHOLLN58 - FEDDES LIBERATION D108- 8355,,,13,-1.6,54,84,0.18,0.8,23,-3,10,6,21,0.47,0.08,12,-0.14,0.01,212,48
PM392,,N58 - 8269,HHOLLN58 - FEDDES DEFENDER Y17-8269,,,14,-1.5,54,80,0.16,0.93,21,-3,12,7,21,0.45,0.04,0,-0.09,0.01,218,47
PM393,,N27 - D104,HHOLLN27 - VF ACQUISITION D104,,,16,-2.9,44,64,0.13,0.27,21,-2,12,9,19,0.34,0.06,4,-0.03,0.03,204,46
PM394,,N27 - D172,HHOLLN27 - VF SILVER BOW D172,,,14,-1.5,56,86,0.19,0.58,21,-2,13,9,19,0.34,0.05,13,0.02,0.02,212,49
PM395,,N27 - D706,HHOLLN27 - DOING RIGHT,,,15,-2.4,43,66,0.14,0.12,23,-4,10,8,20,0.3,0.05,3,-0.16,0.01,205,47
PM396,,N27 - 3036,HHOLLN27 - WOOD EMMETT 3036,,,18,-3.4,44,62,0.12,0.39,19,-2,10,11,20,0.24,0.06,2,-0.14,0.02,208,45
PM397,,N27 - 2385,HHOLLN27 - ODOHERTY   2385,,,14,-1.8,50,72,0.14,0.59,21,-3,8,9,19,0.2,0.04,2,-0.19,0,192,45
PM398,,N27 - 8355,HHOLLN27 - FEDDES LIBERATION D108- 8355,,,15,-2.4,50,77,0.17,0.65,22,-4,10,9,21,0.47,0.08,12,-0.14,0.01,213,48
PM399,,N27 - 8269,HHOLLN27 - FEDDES DEFENDER Y17-8269,,,16,-2.3,50,73,0.15,0.78,20,-4,12,9,21,0.45,0.04,0,-0.09,0.02,218,47
PM400,,N56 - D104,HHOLLN56 - VF ACQUISITION D104,,,13,-0.6,51,77,0.16,0.41,23,-1,11,6,20,0.33,0.06,4,-0.04,0.03,202,48
PM401,,N56 - D172,HHOLLN56 - VF SILVER BOW D172,,,11,0.8,63,99,0.23,0.73,23,-1,12,7,20,0.33,0.05,12,0.02,0.01,211,50
PM402,,N56 - D706,HHOLLN56 - DOING RIGHT,,,11,-0.1,50,78,0.17,0.27,25,-3,10,6,21,0.3,0.05,2,-0.17,0.01,203,48
PM403,,N56 - 3036,HHOLLN56 - WOOD EMMETT 3036,,,14,-1,51,75,0.15,0.54,22,-1,9,8,21,0.23,0.06,2,-0.14,0.01,206,46
PM404,,N56 - 2385,HHOLLN56 - ODOHERTY   2385,,,11,0.5,57,85,0.17,0.74,24,-3,8,6,20,0.2,0.04,2,-0.19,0,190,47
PM405,,N56 - 8355,HHOLLN56 - FEDDES LIBERATION D108- 8355,,,11,-0.1,57,89,0.2,0.8,25,-3,9,6,21,0.46,0.08,12,-0.14,0.01,211,49
PM406,,N56 - 8269,HHOLLN56 - FEDDES DEFENDER Y17-8269,,,12,0,57,85,0.18,0.92,23,-3,12,6,21,0.45,0.04,0,-0.1,0.01,216,48
PM407,,N24 - D104,HHOLLN24 - VF ACQUISITION D104,,,14,-2,46,69,0.14,0.29,20,-2,11,7,19,0.33,0.05,4,-0.03,0.03,196,47
PM408,,N24 - D172,HHOLLN24 - VF SILVER BOW D172,,,12,-0.6,58,91,0.21,0.61,20,-1,12,7,19,0.33,0.05,12,0.02,0.01,205,49
PM409,,N24 - D706,HHOLLN24 - DOING RIGHT,,,12,-1.5,46,70,0.15,0.14,22,-4,10,6,20,0.3,0.05,2,-0.16,0.01,197,48
PM410,,N24 - 3036,HHOLLN24 - WOOD EMMETT 3036,,,16,-2.4,46,67,0.13,0.42,19,-1,9,9,20,0.23,0.06,2,-0.14,0.02,200,45
PM411,,N24 - 2385,HHOLLN24 - ODOHERTY   2385,,,12,-0.9,52,77,0.15,0.62,21,-3,7,6,19,0.2,0.04,2,-0.19,0,184,46
PM412,,N24 - 8355,HHOLLN24 - FEDDES LIBERATION D108- 8355,,,13,-1.5,53,81,0.18,0.68,22,-3,9,6,20,0.46,0.07,12,-0.14,0.01,205,48
PM413,,N24 - 8269,HHOLLN24 - FEDDES DEFENDER Y17-8269,,,14,-1.4,52,78,0.16,0.8,20,-3,12,7,21,0.45,0.04,0,-0.09,0.01,210,47
PM414,,N54 - D104,HHOLLN54 - VF ACQUISITION D104,,,15,-1.5,49,74,0.15,0.38,18,-2,12,9,19,0.33,0.05,5,0,0.03,200,47
PM415,,N54 - D172,HHOLLN54 - VF SILVER BOW D172,,,13,-0.2,61,96,0.22,0.7,19,-1,13,9,19,0.33,0.04,13,0.05,0.01,208,50
PM416,,N54 - D706,HHOLLN54 - DOING RIGHT,,,13,-1,49,76,0.17,0.23,21,-4,10,8,19,0.3,0.04,3,-0.14,0.01,200,48
PM417,,N54 - 3036,HHOLLN54 - WOOD EMMETT 3036,,,16,-2,49,72,0.14,0.51,17,-1,10,11,19,0.23,0.05,3,-0.11,0.01,203,46
PM418,,N54 - 2385,HHOLLN54 - ODOHERTY   2385,,,13,-0.5,56,82,0.16,0.71,19,-3,8,8,19,0.2,0.04,3,-0.16,0,187,46
PM419,,N54 - 8355,HHOLLN54 - FEDDES LIBERATION D108- 8355,,,13,-1,56,87,0.19,0.77,20,-3,10,9,20,0.46,0.07,13,-0.11,0.01,208,49
PM420,,N54 - 8269,HHOLLN54 - FEDDES DEFENDER Y17-8269,,,15,-0.9,55,83,0.17,0.89,18,-3,12,9,20,0.45,0.03,1,-0.07,0.01,213,48
PM421,,N46 - D104,HHOLLN46 - VF ACQUISITION D104,,,17,-4,47,71,0.15,0.48,21,-3,11,8,17,0.32,0.05,5,-0.01,0.03,182,47
PM422,,N46 - D172,HHOLLN46 - VF SILVER BOW D172,,,15,-2.7,59,93,0.21,0.8,21,-2,12,9,16,0.33,0.04,14,0.05,0.01,190,49
PM423,,N46 - D706,HHOLLN46 - DOING RIGHT,,,15,-3.6,47,72,0.16,0.33,23,-5,10,8,17,0.29,0.05,4,-0.14,0.01,182,47
PM424,,N46 - 3036,HHOLLN46 - WOOD EMMETT 3036,,,18,-4.5,47,69,0.14,0.61,20,-2,9,10,17,0.23,0.05,3,-0.11,0.02,185,45
PM425,,N46 - 2385,HHOLLN46 - ODOHERTY   2385,,,15,-3,53,79,0.16,0.8,22,-4,8,8,16,0.19,0.04,3,-0.16,0,169,46
PM426,,N46 - 8355,HHOLLN46 - FEDDES LIBERATION D108- 8355,,,16,-3.5,54,83,0.18,0.87,23,-4,9,8,18,0.46,0.07,13,-0.11,0.01,190,48
PM427,,N46 - 8269,HHOLLN46 - FEDDES DEFENDER Y17-8269,,,17,-3.4,53,80,0.17,0.99,21,-4,12,8,18,0.44,0.03,1,-0.07,0.01,195,47
PM428,,N05 - D104,HHOLLN05 - VF ACQUISITION D104,,,14,-1.6,48,72,0.15,0.4,23,-2,12,8,20,0.34,0.06,3,-0.03,0.03,204,47
PM429,,N05 - D172,HHOLLN05 - VF SILVER BOW D172,,,13,-0.2,60,95,0.22,0.71,23,-1,13,9,19,0.35,0.05,12,0.02,0.02,212,50
PM430,,N05 - D706,HHOLLN05 - DOING RIGHT,,,13,-1.1,48,74,0.16,0.25,25,-4,10,8,20,0.31,0.05,2,-0.16,0.01,205,48
PM431,,N05 - 3036,HHOLLN05 - WOOD EMMETT 3036,,,16,-2.1,48,70,0.14,0.52,22,-1,10,10,20,0.25,0.06,2,-0.14,0.02,208,46
PM432,,N05 - 2385,HHOLLN05 - ODOHERTY   2385,,,13,-0.6,54,80,0.16,0.72,24,-3,8,8,19,0.22,0.04,1,-0.19,0.01,192,46
PM433,,N05 - 8355,HHOLLN05 - FEDDES LIBERATION D108- 8355,,,13,-1.1,54,85,0.19,0.78,24,-3,10,8,21,0.48,0.08,11,-0.14,0.01,212,49
PM434,,N05 - 8269,HHOLLN05 - FEDDES DEFENDER Y17-8269,,,14,-1,54,81,0.17,0.91,23,-3,12,9,21,0.46,0.04,0,-0.09,0.02,218,48
PM435,,N11 - D104,HHOLLN11 - VF ACQUISITION D104,,,15,-2.9,43,63,0.13,0.21,20,-2,12,7,19,0.33,0.06,4,-0.04,0.03,194,46
PM436,,N11 - D172,HHOLLN11 - VF SILVER BOW D172,,,13,-1.5,55,86,0.19,0.53,21,-1,13,8,19,0.33,0.05,13,0.02,0.02,203,49
PM437,,N11 - D706,HHOLLN11 - DOING RIGHT,,,14,-2.4,43,65,0.14,0.06,23,-4,10,6,19,0.3,0.06,3,-0.17,0.01,195,47
PM438,,N11 - 3036,HHOLLN11 - WOOD EMMETT 3036,,,17,-3.4,43,61,0.12,0.34,19,-1,10,9,19,0.23,0.07,2,-0.14,0.02,198,45
PM439,,N11 - 2385,HHOLLN11 - ODOHERTY   2385,,,13,-1.8,49,72,0.14,0.53,21,-3,8,7,19,0.2,0.05,2,-0.19,0.01,182,45
PM440,,N11 - 8355,HHOLLN11 - FEDDES LIBERATION D108- 8355,,,14,-2.4,49,76,0.17,0.59,22,-3,10,7,20,0.46,0.08,12,-0.14,0.01,203,48
PM441,,N11 - 8269,HHOLLN11 - FEDDES DEFENDER Y17-8269,,,15,-2.3,49,72,0.15,0.72,20,-3,12,7,20,0.45,0.05,0,-0.1,0.02,208,47
PM442,,A3 - D104,HHOLLA3 - VF ACQUISITION D104,,,13,-1.2,51,76,0.16,0.41,20,-1,11,7,20,0.33,0.06,3,-0.05,0.03,202,47
PM443,,A3 - D172,HHOLLA3 - VF SILVER BOW D172,,,12,0.1,63,98,0.22,0.72,20,0,12,8,20,0.33,0.05,12,0.01,0.01,211,50
PM444,,A3 - D706,HHOLLA3 - DOING RIGHT,,,12,-0.8,51,77,0.17,0.26,22,-3,10,6,20,0.3,0.05,2,-0.18,0.01,203,48
PM445,,A3 - 3036,HHOLLA3 - WOOD EMMETT 3036,,,15,-1.7,51,74,0.14,0.54,19,0,9,9,20,0.23,0.06,1,-0.15,0.01,206,46
PM446,,A3 - 2385,HHOLLA3 - ODOHERTY   2385,,,12,-0.2,57,84,0.17,0.73,21,-2,7,7,20,0.2,0.04,1,-0.2,0,190,47
PM447,,A3 - 8355,HHOLLA3 - FEDDES LIBERATION D108- 8355,,,12,-0.8,57,88,0.19,0.79,21,-2,9,7,21,0.46,0.08,11,-0.15,0.01,211,49
PM448,,A3 - 8269,HHOLLA3 - FEDDES DEFENDER Y17-8269,,,13,-0.6,57,85,0.17,0.92,20,-3,12,7,21,0.45,0.04,0,-0.11,0.01,216,48
PM449,,A11 - D104,HHOLLA11 - VF ACQUISITION D104,,,14,-2,49,73,0.15,0.44,22,-2,12,7,20,0.34,0.06,4,-0.03,0.03,204,47
PM450,?,A11 - D172,HHOLLA11 - VF SILVER BOW D172,,,13,-0.6,61,95,0.21,0.76,22,-1,13,8,20,0.34,0.05,13,0.02,0.01,213,49
PM451,,A11 - D706,HHOLLA11 - DOING RIGHT,,,13,-1.5,49,74,0.16,0.29,24,-4,11,6,20,0.3,0.05,3,-0.16,0.01,205,48
PM452,,A11 - 3036,HHOLLA11 - WOOD EMMETT 3036,,,16,-2.5,49,71,0.14,0.57,20,-1,10,9,20,0.24,0.06,2,-0.14,0.02,208,46
PM453,,A11 - 2385,HHOLLA11 - ODOHERTY   2385,,,13,-1,56,81,0.16,0.77,22,-3,8,7,20,0.2,0.04,2,-0.19,0,192,46
PM454,,A11 - 8355,HHOLLA11 - FEDDES LIBERATION D108- 8355,,,13,-1.5,56,86,0.19,0.83,23,-3,10,7,21,0.47,0.08,12,-0.14,0.01,213,48
PM455,,A11 - 8269,HHOLLA11 - FEDDES DEFENDER Y17-8269,,,14,-1.4,55,82,0.17,0.95,21,-3,12,7,21,0.45,0.04,0,-0.09,0.01,218,47
PM456,,A23 - D104,HHOLLA23 - VF ACQUISITION D104,,,15,-2.5,50,74,0.15,0.59,22,-2,11,7,17,0.34,0.06,5,-0.02,0.03,180,47
PM457,?,A23 - D172,HHOLLA23 - VF SILVER BOW D172,,,13,-1.1,62,96,0.21,0.91,22,-1,12,8,17,0.34,0.05,13,0.04,0.02,188,49
PM458,,A23 - D706,HHOLLA23 - DOING RIGHT,,,13,-2,49,75,0.16,0.44,24,-4,9,7,17,0.3,0.05,3,-0.15,0.01,180,47
PM459,,A23 - 3036,HHOLLA23 - WOOD EMMETT 3036,,,17,-3,50,72,0.14,0.72,20,-1,9,9,18,0.24,0.06,3,-0.12,0.02,183,45
PM460,,A23 - 2385,HHOLLA23 - ODOHERTY   2385,,,13,-1.5,56,82,0.16,0.91,22,-3,7,7,17,0.2,0.04,3,-0.17,0,167,46
PM461,,A23 - 8355,HHOLLA23 - FEDDES LIBERATION D108- 8355,,,14,-2,56,86,0.19,0.97,23,-3,9,7,18,0.47,0.08,13,-0.12,0.01,188,48
PM462,,A23 - 8269,HHOLLA23 - FEDDES DEFENDER Y17-8269,,,15,-1.9,56,82,0.17,1.1,21,-4,11,8,18,0.45,0.04,1,-0.08,0.02,193,47
PM463,,A37 - D104,HHOLLA37 - VF ACQUISITION D104,,,15,-1.9,46,68,0.14,0.18,19,-2,12,7,19,0.33,0.05,4,-0.03,0.03,201,47
PM464,,A37 - D172,HHOLLA37 - VF SILVER BOW D172,,,13,-0.6,58,90,0.2,0.49,19,-1,13,8,19,0.33,0.04,12,0.02,0.01,210,49
PM465,,A37 - D706,HHOLLA37 - DOING RIGHT,,,13,-1.4,46,69,0.15,0.03,21,-4,10,7,20,0.3,0.05,2,-0.16,0.01,202,48
PM466,,A37 - 3036,HHOLLA37 - WOOD EMMETT 3036,,,16,-2.4,46,66,0.12,0.3,18,-1,10,9,20,0.23,0.05,2,-0.14,0.01,205,46
PM467,,A37 - 2385,HHOLLA37 - ODOHERTY   2385,,,13,-0.9,52,76,0.15,0.5,20,-3,8,7,19,0.2,0.04,2,-0.19,0,189,46
PM468,,A37 - 8355,HHOLLA37 - FEDDES LIBERATION D108- 8355,,,14,-1.4,53,80,0.17,0.56,20,-3,10,7,20,0.46,0.07,12,-0.14,0.01,210,48
PM469,,A37 - 8269,HHOLLA37 - FEDDES DEFENDER Y17-8269,,,15,-1.3,52,77,0.15,0.69,19,-3,12,8,21,0.45,0.03,0,-0.09,0.01,215,47
PM470,,A49 - D104,HHOLLA24 - VF ACQUISITION D104,,,14,-1.8,49,73,0.15,0.48,22,-2,12,8,19,0.33,0.06,5,-0.02,0.03,196,47
PM471,,A49 - D172,HHOLLA24 - VF SILVER BOW D172,,,12,-0.4,61,95,0.22,0.79,22,-1,13,8,19,0.33,0.05,14,0.03,0.01,204,49
PM472,,A49 - D706,HHOLLA24 - DOING RIGHT,,,13,-1.3,48,74,0.16,0.33,24,-4,10,7,19,0.3,0.05,4,-0.16,0.01,196,47
PM473,,A49 - 3036,HHOLLA24 - WOOD EMMETT 3036,,,16,-2.2,49,71,0.14,0.6,21,-1,10,10,19,0.23,0.06,3,-0.13,0.01,199,45
PM474,,A49 - 2385,HHOLLA24 - ODOHERTY   2385,,,12,-0.7,55,81,0.16,0.8,23,-3,8,7,19,0.2,0.04,3,-0.18,0,183,46
PM475,,A49 - 8355,HHOLLA24 - FEDDES LIBERATION D108- 8355,,,13,-1.2,55,85,0.19,0.86,23,-3,9,8,20,0.46,0.08,13,-0.13,0.01,204,48
PM476,,A49 - 8269,HHOLLA24 - FEDDES DEFENDER Y17-8269,,,14,-1.1,55,82,0.17,0.99,22,-3,12,8,20,0.45,0.04,1,-0.09,0.01,209,47
PM477,,A60 - D104,HHOLLA60 - VF ACQUISITION D104,,,15,-2.4,47,71,0.15,0.36,25,-1,11,8,19,0.33,0.06,4,-0.04,0.03,199,47
PM478,,A60 - D172,HHOLLA60 - VF SILVER BOW D172,,,13,-1,59,93,0.21,0.68,25,0,13,9,19,0.33,0.05,13,0.02,0.01,208,49
PM479,,A60 - D706,HHOLLA60 - DOING RIGHT,,,13,-2,47,72,0.16,0.21,27,-3,10,8,19,0.3,0.05,3,-0.17,0.01,200,48
PM480,,A60 - 3036,HHOLLA60 - WOOD EMMETT 3036,,,17,-2.9,47,69,0.14,0.49,24,0,9,10,20,0.23,0.06,2,-0.14,0.02,203,45
PM481,,A60 - 2385,HHOLLA60 - ODOHERTY   2385,,,13,-1.4,53,79,0.16,0.69,25,-2,8,8,19,0.2,0.04,2,-0.19,0,187,46
PM482,,A60 - 8355,HHOLLA60 - FEDDES LIBERATION D108- 8355,,,14,-1.9,54,83,0.19,0.75,26,-2,9,8,20,0.46,0.08,12,-0.14,0.01,208,48
PM483,,A60 - 8269,HHOLLA60 - FEDDES DEFENDER Y17-8269,,,15,-1.8,53,80,0.17,0.87,24,-3,12,8,20,0.45,0.04,0,-0.1,0.01,213,47
PM484,,A38 - D104,HHOLLA38 - VF ACQUISITION D104,,,15,-2.9,49,73,0.15,0.44,20,-2,11,7,18,0.31,0.06,4,-0.05,0.02,190,47
PM485,,A38 - D172,HHOLLA38 - VF SILVER BOW D172,,,14,-1.5,61,95,0.21,0.75,20,-1,12,8,18,0.32,0.05,13,0.01,0.01,198,49
PM486,,A38 - D706,HHOLLA38 - DOING RIGHT,,,14,-2.4,49,75,0.16,0.29,22,-4,10,7,18,0.28,0.05,3,-0.18,0.01,190,47
PM487,,A38 - 3036,HHOLLA38 - WOOD EMMETT 3036,,,17,-3.4,49,71,0.14,0.57,19,-1,9,9,19,0.22,0.06,2,-0.15,0.01,193,45
PM488,,A38 - 2385,HHOLLA38 - ODOHERTY   2385,,,14,-1.8,56,81,0.16,0.76,21,-3,8,7,18,0.19,0.05,2,-0.2,0,177,46
PM489,,A38 - 8355,HHOLLA38 - FEDDES LIBERATION D108- 8355,,,14,-2.4,56,86,0.19,0.82,21,-3,9,7,19,0.44,0.08,12,-0.15,0.01,198,48
PM490,,A38 - 8269,HHOLLA38 - FEDDES DEFENDER Y17-8269,,,15,-2.3,55,82,0.17,0.95,20,-3,12,8,19,0.44,0.04,1,-0.11,0.01,203,47
PM491,,A45 - D104,HHOLLA45 - VF ACQUISITION D104,,,15,-2.5,48,71,0.15,0.47,21,-2,11,7,18,0.32,0.06,5,-0.03,0.03,183,47
PM492,,A45 - D172,HHOLLA45 - VF SILVER BOW D172,,,13,-1.1,60,93,0.21,0.78,21,-1,12,7,17,0.32,0.05,13,0.02,0.01,191,49
PM493,,A45 - D706,HHOLLA45 - DOING RIGHT,,,13,-2,47,72,0.16,0.32,23,-4,10,6,18,0.28,0.05,3,-0.16,0.01,183,47
PM494,,A45 - 3036,HHOLLA45 - WOOD EMMETT 3036,,,16,-3,48,69,0.13,0.59,20,-1,9,9,18,0.22,0.06,3,-0.14,0.01,187,45
PM495,,A45 - 2385,HHOLLA45 - ODOHERTY   2385,,,13,-1.5,54,79,0.16,0.79,22,-3,7,7,17,0.19,0.05,3,-0.19,0,170,46
PM496,,A45 - 8355,HHOLLA45 - FEDDES LIBERATION D108- 8355,,,13,-2,54,83,0.18,0.85,22,-3,9,7,19,0.45,0.08,13,-0.14,0.01,191,48
PM497,,A45 - 8269,HHOLLA45 - FEDDES DEFENDER Y17-8269,,,14,-1.9,54,80,0.16,0.98,21,-3,12,7,19,0.44,0.04,1,-0.09,0.01,196,47
PM498,,A70 - D104,HHOLL A70 - VF ACQUISITION D104,,,15,-2.1,47,71,0.15,0.4,25,-2,12,8,20,0.34,0.06,3,-0.05,0.03,211,47
PM499,,A70 - D172,HHOLL A70 - VF SILVER BOW D172,,,13,-0.8,59,93,0.21,0.71,25,-1,13,9,20,0.34,0.05,12,0.01,0.02,219,49
PM500,,A70 - D706,HHOLL A70 - DOING RIGHT,,,13,-1.6,47,72,0.16,0.25,27,-4,10,8,21,0.3,0.05,2,-0.18,0.01,211,47
PM501,,A70 - 3036,HHOLL A70 - WOOD EMMETT 3036,,,16,-2.6,47,69,0.14,0.52,24,-1,10,10,21,0.24,0.06,1,-0.15,0.02,214,45
PM502,,A70 - 2385,HHOLL A70 - ODOHERTY   2385,,,13,-1,54,79,0.16,0.72,26,-3,8,8,20,0.2,0.05,1,-0.2,0,198,46
PM503,,A70 - 8355,HHOLL A70 - FEDDES LIBERATION D108- 8355,,,14,-1.6,54,83,0.19,0.78,27,-3,10,8,22,0.47,0.08,11,-0.15,0.01,219,48
PM504,,A70 - 8269,HHOLL A70 - FEDDES DEFENDER Y17-8269,,,15,-1.5,53,80,0.17,0.91,25,-3,12,8,22,0.45,0.04,-1,-0.11,0.02,224,47
PM505,,A12 - D104,HHOLL A12 - VF ACQUISITION D104,,,14,-1.4,55,82,0.17,0.49,17,-2,12,7,17,0.31,0.06,5,-0.04,0.03,185,48
PM506,,A12 - D172,HHOLL A12 - VF SILVER BOW D172,,,12,-0.1,67,104,0.23,0.81,17,-1,13,8,17,0.32,0.05,13,0.02,0.01,194,50
PM507,?,A12 - D706,HHOLL A12 - DOING RIGHT,,,13,-0.9,55,84,0.18,0.34,19,-4,10,6,18,0.28,0.05,3,-0.17,0.01,186,48
PM508,,A12 - 3036,HHOLL A12 - WOOD EMMETT 3036,,,16,-1.9,55,80,0.15,0.62,16,-1,10,9,18,0.22,0.06,3,-0.14,0.01,189,46
PM509,,A12 - 2385,HHOLL A12 - ODOHERTY   2385,,,12,-0.4,62,90,0.18,0.82,18,-3,8,7,17,0.19,0.05,3,-0.19,0,173,47
PM510,,A12 - 8355,HHOLL A12 - FEDDES LIBERATION D108- 8355,,,13,-0.9,62,95,0.2,0.88,18,-3,10,7,18,0.44,0.08,13,-0.14,0.01,194,49
PM511,,A12 - 8269,HHOLL A12 - FEDDES DEFENDER Y17-8269,,,14,-0.8,62,91,0.18,1,17,-4,12,7,18,0.44,0.04,1,-0.1,0.01,199,48
PM512,,C16 - D104,C16 - VF ACQUISITION D104,,,16,-3.2,48,72,0.15,0.59,19,-2,12,8,18,0.32,0.06,5,-0.04,0.03,194,46
PM513,,C16 - D172,C16 - VF SILVER BOW D172,,,14,-1.8,60,94,0.21,0.91,19,-1,13,9,18,0.33,0.05,14,0.02,0.01,203,49
PM514,,C16 - D706,C16 - DOING RIGHT,,,14,-2.7,48,73,0.16,0.44,21,-4,10,8,19,0.29,0.05,3,-0.17,0.01,195,47
PM515,,C16 - 3036,C16 - WOOD EMMETT 3036,,,17,-3.6,48,70,0.13,0.72,18,-1,10,10,19,0.23,0.06,3,-0.14,0.02,198,45
PM516,,C16 - 2385,C16 - ODOHERTY   2385,,,14,-2.1,55,80,0.16,0.92,20,-3,8,8,18,0.19,0.05,3,-0.19,0,182,45
PM517,,C16 - 8355,C16 - FEDDES LIBERATION D108- 8355,,,14,-2.7,55,84,0.18,0.98,21,-3,10,8,20,0.46,0.08,13,-0.14,0.01,203,48
PM518,,C16 - 8269,C16 - FEDDES DEFENDER Y17-8269,,,16,-2.5,54,81,0.17,1.1,19,-3,12,8,20,0.44,0.04,1,-0.1,0.01,208,47
PM519,,C08 - D104,C08 - VF ACQUISITION D104,,,14,-2.2,48,73,0.15,0.55,21,-3,11,7,15,0.34,0.06,6,-0.02,0.03,161,47
PM520,,C08 - D172,C08 - VF SILVER BOW D172,,,13,-0.9,60,95,0.22,0.87,21,-2,13,8,14,0.34,0.05,15,0.04,0.02,170,49
PM521,,C08 - D706,C08 - DOING RIGHT,,,13,-1.8,48,74,0.16,0.41,23,-5,10,7,15,0.3,0.06,5,-0.15,0.01,162,47
PM522,,C08 - 3036,C08 - WOOD EMMETT 3036,,,16,-2.8,48,71,0.14,0.68,20,-2,10,9,15,0.24,0.07,4,-0.12,0.02,165,45
PM523,,C08 - 2385,C08 - ODOHERTY   2385,,,13,-1.2,55,81,0.16,0.88,22,-4,8,7,15,0.2,0.05,4,-0.17,0.01,149,46
PM524,,C08 - 8355,C08 - FEDDES LIBERATION D108- 8355,,,13,-1.8,55,85,0.19,0.94,23,-4,9,7,16,0.47,0.08,14,-0.12,0.01,170,48
PM525,,C08 - 8269,C08 - FEDDES DEFENDER Y17-8269,,,14,-1.6,54,82,0.17,1.06,21,-4,12,8,16,0.45,0.05,3,-0.08,0.02,175,47
PM526,,C19 - D104,C19 - VF ACQUISITION D104,,,16,-3.2,50,74,0.15,0.7,23,-2,11,8,17,0.31,0.06,6,-0.02,0.02,180,46
PM527,,C19 - D172,C19 - VF SILVER BOW D172,,,14,-1.9,62,97,0.22,1.02,23,-1,13,9,17,0.32,0.05,15,0.03,0.01,188,49
PM528,,C19 - D706,C19 - DOING RIGHT,,,14,-2.8,50,76,0.16,0.55,25,-4,10,7,17,0.28,0.05,5,-0.15,0.01,180,47
PM529,,C19 - 3036,C19 - WOOD EMMETT 3036,,,17,-3.7,50,72,0.14,0.83,22,-1,10,10,17,0.22,0.06,4,-0.12,0.01,183,45
PM530,,C19 - 2385,C19 - ODOHERTY   2385,,,14,-2.2,56,83,0.16,1.02,23,-3,8,8,17,0.19,0.05,4,-0.18,0,167,45
PM531,,C19 - 8355,C19 - FEDDES LIBERATION D108- 8355,,,14,-2.7,56,87,0.19,1.09,24,-3,9,8,18,0.44,0.08,14,-0.12,0.01,188,48
PM532,,C19 - 8269,C19 - FEDDES DEFENDER Y17-8269,,,15,-2.6,56,83,0.17,1.21,22,-3,12,8,18,0.44,0.04,2,-0.09,0.01,193,47
PM533,,C83 - D104,C83 - VF ACQUISITION D104,,,13,-0.7,55,83,0.18,0.61,18,-2,11,7,17,0.32,0.05,8,0.02,0.03,182,48
PM534,,C83 - D172,C83 - VF SILVER BOW D172,,,11,0.6,67,105,0.24,0.93,18,-1,13,8,17,0.33,0.04,16,0.08,0.01,191,50
PM535,,C83 - D706,C83 - DOING RIGHT,,,11,-0.2,55,84,0.19,0.47,20,-4,10,6,18,0.29,0.05,6,-0.11,0.01,183,48
PM536,,C83 - 3036,C83 - WOOD EMMETT 3036,,,14,-1.2,55,81,0.16,0.74,17,-1,10,9,18,0.23,0.06,6,-0.09,0.02,186,46
PM537,,C83 - 2385,C83 - ODOHERTY   2385,,,11,0.3,61,91,0.19,0.94,19,-3,8,7,17,0.19,0.04,6,-0.14,0,170,47
PM538,,C83 - 8355,C83 - FEDDES LIBERATION D108- 8355,,,11,-0.2,61,95,0.21,1,19,-3,9,7,18,0.46,0.07,16,-0.09,0.01,191,49
PM539,,C83 - 8269,C83 - FEDDES DEFENDER Y17-8269,,,13,-0.1,61,92,0.19,1.12,18,-3,12,7,18,0.44,0.04,4,-0.05,0.01,196,48
PM540,,C84 - D104,C84 - VF ACQUISITION D104,,,13,-1.2,54,82,0.18,0.63,20,-2,11,7,17,0.32,0.05,8,0.02,0.03,183,48
PM541,,C84 - D172,C84 - VF SILVER BOW D172,,,11,0.1,66,105,0.24,0.95,20,-1,13,8,17,0.33,0.04,16,0.08,0.01,191,50
PM542,,C84 - D706,C84 - DOING RIGHT,,,12,-0.8,54,84,0.19,0.49,22,-4,10,7,18,0.29,0.05,6,-0.11,0.01,183,48
PM543,,C84 - 3036,C84 - WOOD EMMETT 3036,,,15,-1.7,54,80,0.16,0.76,19,-1,10,9,18,0.23,0.06,6,-0.09,0.02,186,46
PM544,,C84 - 2385,C84 - ODOHERTY   2385,,,11,-0.2,61,90,0.19,0.96,21,-3,8,7,17,0.19,0.04,6,-0.14,0,170,47
PM545,,C84 - 8355,C84 - FEDDES LIBERATION D108- 8355,,,12,-0.7,61,95,0.21,1.02,21,-3,9,7,18,0.46,0.07,16,-0.09,0.01,191,49
PM546,,C84 - 8269,C84 - FEDDES DEFENDER Y17-8269,,,13,-0.6,60,91,0.19,1.14,20,-3,12,8,18,0.44,0.04,4,-0.05,0.01,196,48
PM547,,C29 - D104,C29 - VF ACQUISITION D104,,,14,-2,48,71,0.15,0.43,19,-2,11,7,18,0.31,0.06,5,-0.04,0.02,185,47
PM548,,C29 - D172,C29 - VF SILVER BOW D172,,,12,-0.6,60,94,0.21,0.75,19,-1,12,7,18,0.32,0.05,13,0.02,0.01,194,49
PM549,,C29 - D706,C29 - DOING RIGHT,,,13,-1.5,48,73,0.16,0.29,21,-4,10,6,18,0.28,0.05,3,-0.17,0.01,186,47
PM550,,C29 - 3036,C29 - WOOD EMMETT 3036,,,16,-2.5,48,69,0.13,0.56,18,-1,9,9,18,0.22,0.06,3,-0.14,0.01,189,45
PM551,?,C29 - 2385,C29 - ODOHERTY   2385,,,12,-1,55,80,0.16,0.76,20,-3,8,7,18,0.19,0.04,3,-0.19,0,173,46
PM552,,C29 - 8355,C29 - FEDDES LIBERATION D108- 8355,,,13,-1.5,55,84,0.18,0.82,20,-3,9,7,19,0.44,0.08,13,-0.14,0.01,194,48
PM553,,C29 - 8269,C29 - FEDDES DEFENDER Y17-8269,,,14,-1.4,54,80,0.16,0.94,19,-3,12,7,19,0.44,0.04,1,-0.1,0.01,199,47
PM554,,C66 - D104,C66 - VF ACQUISITION D104,,,14,-2.2,52,77,0.16,0.6,19,-2,11,7,18,0.32,0.06,5,-0.02,0.03,185,47
PM555,,C66 - D172,C66 - VF SILVER BOW D172,,,13,-0.9,64,99,0.22,0.92,19,-1,12,7,17,0.32,0.05,13,0.03,0.01,194,49
PM556,,C66 - D706,C66 - DOING RIGHT,,,13,-1.8,51,78,0.17,0.45,21,-4,10,6,18,0.28,0.05,3,-0.16,0.01,186,48
PM557,,C66 - 3036,C66 - WOOD EMMETT 3036,,,16,-2.8,52,75,0.15,0.73,18,-1,9,9,18,0.22,0.06,3,-0.13,0.01,189,45
PM558,,C66 - 2385,C66 - ODOHERTY   2385,,,13,-1.2,58,85,0.17,0.93,20,-3,7,6,18,0.19,0.04,3,-0.18,0,173,46
PM559,,C66 - 8355,C66 - FEDDES LIBERATION D108- 8355,,,13,-1.8,58,90,0.2,0.99,20,-3,9,7,19,0.45,0.08,13,-0.13,0.01,194,48
PM560,,C66 - 8269,C66 - FEDDES DEFENDER Y17-8269,,,14,-1.6,58,86,0.18,1.11,19,-4,12,7,19,0.44,0.04,1,-0.09,0.01,199,47
PM561,,C12 - D104,C12 - VF ACQUISITION D104,,,15,-2.6,48,72,0.15,0.5,21,-2,11,7,17,0.31,0.06,4,-0.05,0.02,181,46
PM562,,C12 - D172,C12 - VF SILVER BOW D172,,,13,-1.2,60,94,0.21,0.81,21,-1,12,8,17,0.32,0.05,13,0.01,0.01,189,49
PM563,,C12 - D706,C12 - DOING RIGHT,,,13,-2.2,48,73,0.16,0.35,23,-3,10,7,18,0.28,0.05,3,-0.18,0.01,181,47
PM564,,C12 - 3036,C12 - WOOD EMMETT 3036,,,17,-3.1,48,70,0.13,0.63,20,-1,9,9,18,0.22,0.06,2,-0.15,0.01,184,45
PM565,,C12 - 2385,C12 - ODOHERTY   2385,,,13,-1.5,54,80,0.16,0.82,22,-3,8,7,17,0.19,0.05,2,-0.2,0,168,46
PM566,,C12 - 8355,C12 - FEDDES LIBERATION D108- 8355,,,14,-2.1,55,84,0.18,0.88,22,-3,9,7,18,0.44,0.08,12,-0.15,0.01,189,48
PM567,,C12 - 8269,C12 - FEDDES DEFENDER Y17-8269,,,15,-2,54,80,0.16,1.01,21,-3,12,7,18,0.44,0.04,1,-0.11,0.01,194,47
PM568,,C02 - D104,C02 - VF ACQUISITION D104,,,15,-2.6,50,76,0.16,0.59,22,-2,11,8,15,0.34,0.07,5,-0.04,0.03,165,47
PM569,,C02 - D172,C02 - VF SILVER BOW D172,,,13,-1.2,62,98,0.22,0.91,22,-2,12,8,15,0.34,0.06,14,0.02,0.02,174,49
PM570,,C02 - D706,C02 - DOING RIGHT,,,13,-2.2,50,77,0.17,0.44,24,-4,9,7,15,0.3,0.06,4,-0.17,0.01,166,47
PM571,,C02 - 3036,C02 - WOOD EMMETT 3036,,,17,-3.1,50,74,0.15,0.72,21,-2,9,10,16,0.24,0.07,3,-0.14,0.02,169,45
PM572,,C02 - 2385,C02 - ODOHERTY   2385,,,13,-1.5,57,84,0.17,0.92,23,-4,7,7,15,0.2,0.05,3,-0.19,0.01,153,46
PM573,,C02 - 8355,C02 - FEDDES LIBERATION D108- 8355,,,14,-2.1,57,88,0.2,0.98,24,-4,9,8,16,0.47,0.09,13,-0.14,0.01,174,48
PM574,,C02 - 8269,C02 - FEDDES DEFENDER Y17-8269,,,15,-2,56,85,0.18,1.1,22,-4,11,8,16,0.45,0.05,1,-0.1,0.02,179,47
PM575,,C44 - D104,C44 - VF ACQUISITION D104,,,13,-1.4,48,73,0.15,0.5,21,-2,11,7,17,0.34,0.06,7,-0.01,0.03,178,47
PM576,,C44 - D172,C44 - VF SILVER BOW D172,,,11,-0.1,60,95,0.22,0.82,21,-1,12,7,17,0.34,0.05,15,0.05,0.02,186,49
PM577,,C44 - D706,C44 - DOING RIGHT,,,11,-0.9,48,75,0.16,0.36,23,-4,10,6,18,0.3,0.06,5,-0.14,0.01,179,47
PM578,,C44 - 3036,C44 - WOOD EMMETT 3036,,,15,-1.9,48,71,0.14,0.63,20,-1,9,9,18,0.24,0.06,5,-0.11,0.02,182,45
PM579,,C44 - 2385,C44 - ODOHERTY   2385,,,11,-0.4,55,81,0.16,0.83,22,-3,7,6,17,0.2,0.05,5,-0.16,0,166,46
PM580,,C44 - 8355,C44 - FEDDES LIBERATION D108- 8355,,,12,-0.9,55,86,0.19,0.89,23,-3,9,7,18,0.47,0.08,15,-0.11,0.01,187,48
PM581,,C44 - 8269,C44 - FEDDES DEFENDER Y17-8269,,,13,-0.8,55,82,0.17,1.01,21,-3,12,7,19,0.45,0.04,3,-0.07,0.02,192,47
PM582,,C74 - D104,C74 - VF ACQUISITION D104,,,14,-2,54,80,0.16,0.7,20,-2,11,7,18,0.31,0.06,4,-0.04,0.02,189,47
PM583,,C74 - D172,C74 - VF SILVER BOW D172,,,12,-0.6,66,103,0.23,1.02,20,-1,12,7,18,0.32,0.05,13,0.02,0.01,198,49
PM584,,C74 - D706,C74 - DOING RIGHT,,,13,-1.5,54,82,0.17,0.56,22,-4,10,6,19,0.28,0.05,3,-0.17,0.01,190,47
PM585,,C74 - 3036,C74 - WOOD EMMETT 3036,,,16,-2.5,54,78,0.15,0.83,19,-1,9,9,19,0.22,0.06,3,-0.14,0.01,193,45
PM586,?,C74 - 2385,C74 - ODOHERTY   2385,,,12,-1,61,88,0.17,1.03,21,-3,8,6,18,0.19,0.05,2,-0.19,0,177,46
PM587,,C74 - 8355,C74 - FEDDES LIBERATION D108- 8355,,,13,-1.5,61,93,0.2,1.09,22,-3,9,7,19,0.44,0.08,12,-0.14,0.01,198,48
PM588,,C74 - 8269,C74 - FEDDES DEFENDER Y17-8269,,,14,-1.4,60,89,0.18,1.21,20,-3,12,7,19,0.44,0.04,1,-0.1,0.01,203,47
PM589,,C77 - D104,C77 - VF ACQUISITION D104,,,14,-1.4,59,88,0.18,0.68,18,-2,12,8,19,0.32,0.06,5,-0.02,0.03,203,48
PM590,,C77 - D172,C77 - VF SILVER BOW D172,,,12,0,71,111,0.25,0.99,18,-1,13,8,19,0.33,0.05,13,0.03,0.01,211,50
PM591,,C77 - D706,C77 - DOING RIGHT,,,13,-0.9,59,90,0.19,0.53,20,-4,10,7,19,0.29,0.05,3,-0.15,0.01,203,49
PM592,,C77 - 3036,C77 - WOOD EMMETT 3036,,,16,-1.8,59,86,0.17,0.81,17,-1,10,10,19,0.23,0.06,3,-0.12,0.02,206,47
PM593,,C77 - 2385,C77 - ODOHERTY   2385,,,12,-0.3,66,96,0.19,1,19,-3,8,8,19,0.19,0.04,3,-0.18,0,190,47
PM594,,C77 - 8355,C77 - FEDDES LIBERATION D108- 8355,,,13,-0.9,66,101,0.22,1.06,19,-3,10,8,20,0.46,0.08,13,-0.12,0.01,211,50
PM595,,C77 - 8269,C77 - FEDDES DEFENDER Y17-8269,,,14,-0.8,65,97,0.2,1.19,18,-3,12,8,20,0.44,0.04,1,-0.09,0.01,216,49
PM596,,C14 - D104,C14 - VF ACQUISITION D104,,,16,-3.3,48,72,0.15,0.57,20,-2,11,8,16,0.33,0.07,5,-0.05,0.03,178,46
PM597,,C14 - D172,C14 - VF SILVER BOW D172,,,14,-2,60,94,0.21,0.88,20,-1,12,9,16,0.33,0.06,14,0.01,0.02,187,49
PM598,,C14 - D706,C14 - DOING RIGHT,,,15,-2.8,48,73,0.16,0.42,22,-4,9,8,17,0.3,0.06,3,-0.18,0.01,179,47
PM599,,C14 - 3036,C14 - WOOD EMMETT 3036,,,18,-3.8,48,70,0.14,0.7,19,-1,9,10,17,0.23,0.07,3,-0.15,0.02,182,45
PM600,,C14 - 2385,C14 - ODOHERTY   2385,,,14,-2.2,55,80,0.16,0.89,21,-3,7,8,16,0.2,0.05,3,-0.2,0,166,46
PM601,,C14 - 8355,C14 - FEDDES LIBERATION D108- 8355,,,15,-2.8,55,85,0.18,0.95,21,-3,9,8,17,0.46,0.09,13,-0.15,0.01,187,48
PM602,,C14 - 8269,C14 - FEDDES DEFENDER Y17-8269,,,16,-2.7,54,81,0.17,1.08,20,-3,11,9,18,0.45,0.05,1,-0.11,0.02,192,47
PM603,,C28 - D104,C28 - VF ACQUISITION D104,,,15,-2.3,50,74,0.15,0.58,20,-2,11,8,17,0.32,0.06,5,-0.04,0.03,180,47
PM604,,C28 - D172,C28 - VF SILVER BOW D172,,,13,-1,62,96,0.22,0.89,20,-1,12,9,17,0.33,0.05,14,0.02,0.02,189,49
PM605,,C28 - D706,C28 - DOING RIGHT,,,14,-1.9,49,75,0.16,0.43,22,-4,9,7,17,0.29,0.06,4,-0.17,0.01,181,47
PM606,,C28 - 3036,C28 - WOOD EMMETT 3036,,,17,-2.8,50,72,0.14,0.71,19,-1,9,10,17,0.23,0.06,3,-0.14,0.02,184,45
PM607,,C28 - 2385,C28 - ODOHERTY   2385,,,13,-1.3,56,82,0.16,0.9,21,-3,7,8,17,0.19,0.05,3,-0.19,0,168,46
PM608,,C28 - 8355,C28 - FEDDES LIBERATION D108- 8355,,,14,-1.9,56,86,0.19,0.96,22,-3,9,8,18,0.46,0.08,13,-0.14,0.01,189,48
PM609,,C28 - 8269,C28 - FEDDES DEFENDER Y17-8269,,,15,-1.8,56,83,0.17,1.09,20,-3,11,8,18,0.44,0.04,1,-0.1,0.02,194,47
PM610,,C47 - D104,C47 - VF ACQUISITION D104,,,13,-1.3,51,77,0.17,0.55,24,-2,11,7,18,0.34,0.06,6,-0.01,0.03,190,47
PM611,,C47 - D172,C47 - VF SILVER BOW D172,,,11,0.1,63,99,0.23,0.87,24,-1,13,8,18,0.34,0.05,15,0.05,0.02,198,50
PM612,,C47 - D706,C47 - DOING RIGHT,,,11,-0.8,50,79,0.18,0.4,26,-3,10,6,19,0.3,0.06,5,-0.14,0.01,191,48
PM613,,C47 - 3036,C47 - WOOD EMMETT 3036,,,14,-1.8,51,75,0.15,0.68,22,-1,9,9,19,0.24,0.06,4,-0.11,0.02,194,46
PM614,,C47 - 2385,C47 - ODOHERTY   2385,,,11,-0.2,57,85,0.18,0.87,24,-3,8,7,18,0.2,0.05,4,-0.16,0.01,178,46
PM615,,C47 - 8355,C47 - FEDDES LIBERATION D108- 8355,,,12,-0.8,57,90,0.2,0.94,25,-3,9,7,20,0.47,0.08,14,-0.11,0.01,198,49
PM616,,C47 - 8269,C47 - FEDDES DEFENDER Y17-8269,,,13,-0.7,57,86,0.18,1.06,23,-3,12,7,20,0.45,0.04,3,-0.07,0.02,204,48
PM617,,C24 - D104,C24 - VF ACQUISITION D104,,,16,-3.2,50,74,0.15,0.61,21,-2,11,9,16,0.32,0.07,5,-0.05,0.03,174,46
PM618,,C24 - D172,C24 - VF SILVER BOW D172,,,14,-1.8,62,97,0.22,0.92,21,-1,12,9,16,0.33,0.06,13,0.01,0.02,182,49
PM619,,C24 - D706,C24 - DOING RIGHT,,,15,-2.7,50,76,0.16,0.46,23,-4,9,8,16,0.29,0.06,3,-0.18,0.01,175,47
PM620,,C24 - 3036,C24 - WOOD EMMETT 3036,,,18,-3.6,50,72,0.14,0.73,20,-1,9,11,16,0.23,0.07,3,-0.16,0.02,178,45
PM621,,C24 - 2385,C24 - ODOHERTY   2385,,,14,-2.1,56,82,0.16,0.93,22,-3,7,8,16,0.19,0.05,3,-0.2,0,162,46
PM622,,C24 - 8355,C24 - FEDDES LIBERATION D108- 8355,,,15,-2.7,56,87,0.19,0.99,22,-3,9,9,17,0.46,0.09,13,-0.16,0.01,183,48
PM623,,C24 - 8269,C24 - FEDDES DEFENDER Y17-8269,,,16,-2.5,56,83,0.17,1.12,21,-3,11,9,17,0.44,0.05,1,-0.11,0.02,188,47
PM624,,C49 - D104,C49 - VF ACQUISITION D104,,,14,-2.2,50,74,0.15,0.52,18,-2,11,7,19,0.32,0.06,5,-0.04,0.02,192,47
PM625,,C49 - D172,C49 - VF SILVER BOW D172,,,13,-0.8,62,96,0.21,0.83,18,-1,12,8,18,0.32,0.05,13,0.02,0.01,200,49
PM626,,C49 - D706,C49 - DOING RIGHT,,,13,-1.7,50,76,0.16,0.37,20,-4,10,6,19,0.28,0.05,3,-0.17,0.01,193,47
PM627,,C49 - 3036,C49 - WOOD EMMETT 3036,,,16,-2.6,50,72,0.14,0.64,16,-1,9,9,19,0.22,0.06,3,-0.14,0.01,196,45
PM628,,C49 - 2385,C49 - ODOHERTY   2385,,,13,-1.1,57,82,0.16,0.84,18,-3,8,7,18,0.19,0.05,3,-0.19,0,180,46
PM629,,C49 - 8355,C49 - FEDDES LIBERATION D108- 8355,,,13,-1.7,57,87,0.19,0.9,19,-3,9,7,20,0.45,0.08,13,-0.14,0.01,201,48
PM630,,C49 - 8269,C49 - FEDDES DEFENDER Y17-8269,,,14,-1.5,56,83,0.17,1.03,17,-3,12,7,20,0.44,0.04,1,-0.1,0.01,206,47
PM631,,C32 - D104,C32 - VF ACQUISITION D104,,,15,-2,51,77,0.16,0.65,22,-2,11,9,16,0.34,0.07,5,-0.04,0.03,179,47
PM632,,C32 - D172,C32 - VF SILVER BOW D172,,,13,-0.7,63,100,0.23,0.96,22,-1,12,9,16,0.34,0.06,14,0.02,0.02,188,49
PM633,,C32 - D706,C32 - DOING RIGHT,,,13,-1.6,51,79,0.17,0.5,24,-4,10,8,17,0.3,0.06,3,-0.17,0.01,180,48
PM634,,C32 - 3036,C32 - WOOD EMMETT 3036,,,16,-2.5,51,75,0.15,0.78,21,-1,9,11,17,0.24,0.07,3,-0.14,0.02,183,46
PM635,,C32 - 2385,C32 - ODOHERTY   2385,,,13,-1,58,86,0.17,0.97,23,-3,7,8,16,0.2,0.05,3,-0.19,0.01,167,46
PM636,,C32 - 8355,C32 - FEDDES LIBERATION D108- 8355,,,14,-1.6,58,90,0.2,1.03,23,-3,9,9,18,0.47,0.09,13,-0.14,0.01,188,48
PM637,,C32 - 8269,C32 - FEDDES DEFENDER Y17-8269,,,15,-1.5,57,86,0.18,1.16,22,-3,12,9,18,0.45,0.05,1,-0.1,0.02,193,48
PM638,,C17 - D104,C17 - VF ACQUISITION D104,,,15,-2.6,54,81,0.17,0.69,20,-3,11,8,16,0.34,0.07,5,-0.04,0.03,177,47
PM639,,C17 - D172,C17 - VF SILVER BOW D172,,,14,-1.2,66,103,0.23,1.01,20,-2,12,9,16,0.35,0.06,13,0.02,0.02,186,50
PM640,,C17 - D706,C17 - DOING RIGHT,,,14,-2.2,54,82,0.18,0.55,22,-5,10,8,16,0.31,0.06,3,-0.17,0.01,178,48
PM641,,C17 - 3036,C17 - WOOD EMMETT 3036,,,17,-3.1,54,79,0.16,0.82,19,-2,9,10,16,0.25,0.07,3,-0.14,0.02,181,46
PM642,,C17 - 2385,C17 - ODOHERTY   2385,,,14,-1.5,61,89,0.18,1.02,21,-4,7,8,16,0.22,0.05,3,-0.19,0.01,165,46
PM643,,C17 - 8355,C17 - FEDDES LIBERATION D108- 8355,,,14,-2.1,61,93,0.2,1.08,21,-4,9,8,17,0.48,0.09,13,-0.14,0.01,186,49
PM644,,C17 - 8269,C17 - FEDDES DEFENDER Y17-8269,,,15,-2,60,90,0.19,1.2,20,-4,12,9,17,0.46,0.05,1,-0.1,0.02,191,48
PM645,,D19 - D104,D19 - VF ACQUISITION D104,,,18,-3.9,45,67,0.14,0.47,21,-2,11,10,16,0.35,0.07,5,0,0.03,183,46
PM646,,D19 - D172,D19 - VF SILVER BOW D172,,,16,-2.5,57,89,0.21,0.78,21,-1,13,11,16,0.35,0.06,14,0.05,0.02,191,49
PM647,,D19 - D706,D19 - DOING RIGHT,,,16,-3.4,44,69,0.15,0.32,23,-4,10,9,17,0.31,0.06,4,-0.14,0.02,184,47
PM648,,D19 - 3036,D19 - WOOD EMMETT 3036,,,19,-4.4,45,65,0.13,0.59,20,-1,9,12,17,0.25,0.07,3,-0.11,0.02,187,45
PM649,,D19 - 2385,D19 - ODOHERTY   2385,,,16,-2.8,51,75,0.15,0.79,22,-3,8,10,16,0.22,0.06,3,-0.16,0.01,171,45
PM650,,D19 - 8355,D19 - FEDDES LIBERATION D108- 8355,,,17,-3.4,51,80,0.18,0.85,22,-3,9,10,17,0.48,0.09,13,-0.11,0.01,191,48
PM651,,D19 - 8269,D19 - FEDDES DEFENDER Y17-8269,,,18,-3.3,51,76,0.16,0.98,21,-3,12,10,17,0.47,0.05,2,-0.07,0.02,197,47
PM652,,D39 - D104,D39 - VF ACQUISITION D104,,,17,-3.8,47,70,0.14,0.51,19,-1,12,9,17,0.34,0.07,5,-0.02,0.03,185,46
PM653,,D39 - D172,D39 - VF SILVER BOW D172,,,15,-2.5,59,92,0.21,0.83,19,0,13,10,16,0.34,0.06,14,0.03,0.02,193,49
PM654,,D39 - D706,D39 - DOING RIGHT,,,16,-3.3,47,71,0.15,0.36,21,-3,10,8,17,0.31,0.07,4,-0.15,0.02,185,47
PM655,,D39 - 3036,D39 - WOOD EMMETT 3036,,,19,-4.3,47,68,0.13,0.64,18,0,10,11,17,0.25,0.07,3,-0.12,0.02,188,45
PM656,,D39 - 2385,D39 - ODOHERTY   2385,,,15,-2.8,53,78,0.15,0.84,20,-2,8,9,17,0.21,0.06,3,-0.18,0.01,172,45
PM657,,D39 - 8355,D39 - FEDDES LIBERATION D108- 8355,,,16,-3.3,54,82,0.18,0.9,21,-2,10,9,18,0.47,0.09,13,-0.12,0.01,193,48
PM658,,D39 - 8269,D39 - FEDDES DEFENDER Y17-8269,,,17,-3.2,53,79,0.16,1.02,19,-2,12,9,18,0.46,0.05,1,-0.09,0.02,198,47
PM659,,D33 - D104,D33 - VF ACQUISITION D104,,,15,-2.5,50,74,0.15,0.57,20,-2,11,7,16,0.33,0.07,5,-0.05,0.03,173,47
PM660,,D33 - D172,D33 - VF SILVER BOW D172,,,13,-1.1,61,96,0.22,0.89,20,-1,12,8,16,0.33,0.06,14,0.01,0.02,181,49
PM661,,D33 - D706,D33 - DOING RIGHT,,,13,-2,49,75,0.16,0.42,22,-4,9,7,17,0.3,0.06,3,-0.18,0.01,173,47
PM662,,D33 - 3036,D33 - WOOD EMMETT 3036,,,16,-3,50,72,0.14,0.7,19,-1,9,9,17,0.23,0.07,3,-0.15,0.02,176,45
PM663,,D33 - 2385,D33 - ODOHERTY   2385,,,13,-1.5,56,82,0.16,0.89,21,-3,7,7,16,0.2,0.05,3,-0.2,0,160,46
PM664,,D33 - 8355,D33 - FEDDES LIBERATION D108- 8355,,,14,-2,56,87,0.19,0.96,21,-3,9,7,17,0.46,0.09,13,-0.15,0.01,181,48
PM665,,D33 - 8269,D33 - FEDDES DEFENDER Y17-8269,,,15,-1.9,56,83,0.17,1.08,20,-3,11,7,17,0.45,0.05,1,-0.11,0.02,186,47
PM666,,D10 - D104,D10 - VF ACQUISITION D104,,,17,-3.3,46,69,0.14,0.59,18,-1,12,9,17,0.35,0.07,5,-0.01,0.03,190,46
PM667,,D10 - D172,D10 - VF SILVER BOW D172,,,15,-2,58,91,0.21,0.9,18,0,13,10,17,0.35,0.06,14,0.05,0.02,198,48
PM668,,D10 - D706,D10 - DOING RIGHT,,,15,-2.9,46,70,0.15,0.44,20,-3,11,9,18,0.31,0.07,4,-0.14,0.02,191,47
PM669,,D10 - 3036,D10 - WOOD EMMETT 3036,,,19,-3.8,46,67,0.13,0.72,17,0,10,11,18,0.25,0.07,3,-0.11,0.02,194,45
PM670,,D10 - 2385,D10 - ODOHERTY   2385,,,15,-2.3,53,77,0.15,0.91,19,-2,8,9,17,0.22,0.06,3,-0.16,0.01,178,45
PM671,,D10 - 8355,D10 - FEDDES LIBERATION D108- 8355,,,16,-2.8,53,81,0.18,0.97,20,-2,10,9,18,0.48,0.09,13,-0.11,0.01,199,47
PM672,,D10 - 8269,D10 - FEDDES DEFENDER Y17-8269,,,17,-2.8,52,78,0.16,1.1,18,-3,13,10,19,0.47,0.05,2,-0.07,0.02,204,47
PM673,,D23 - D104,D23 - VF ACQUISITION D104,,,17,-3.2,46,69,0.14,0.5,21,-2,12,9,17,0.36,0.07,5,0,0.03,188,46
PM674,,D23 - D172,D23 - VF SILVER BOW D172,,,15,-1.9,57,91,0.21,0.81,21,-1,13,10,17,0.37,0.06,14,0.05,0.02,196,49
PM675,,D23 - D706,D23 - DOING RIGHT,,,15,-2.8,45,70,0.15,0.35,23,-4,11,9,17,0.32,0.07,4,-0.14,0.02,189,47
PM676,,D23 - 3036,D23 - WOOD EMMETT 3036,,,18,-3.8,46,67,0.13,0.62,20,-1,10,11,18,0.26,0.07,3,-0.11,0.02,192,45
PM677,,D23 - 2385,D23 - ODOHERTY   2385,,,15,-2.2,52,77,0.15,0.82,22,-3,8,9,17,0.23,0.06,3,-0.16,0.01,176,46
PM678,,D23 - 8355,D23 - FEDDES LIBERATION D108- 8355,,,16,-2.8,52,81,0.18,0.88,22,-3,10,9,18,0.49,0.09,13,-0.11,0.02,196,48
PM679,,D23 - 8269,D23 - FEDDES DEFENDER Y17-8269,,,17,-2.7,52,77,0.16,1.01,20,-3,13,10,18,0.48,0.05,1,-0.07,0.02,202,47
PM680,,E09 - D104,E09 - VF ACQUISITION D104,,,16,-3.1,52,76,0.16,0.6,19,-1,11,7,18,0.31,0.06,5,-0.05,0.02,189,47
PM681,,E09 - D172,E09 - VF SILVER BOW D172,,,14,-1.7,64,99,0.22,0.92,19,-1,12,8,18,0.32,0.05,13,0.01,0.01,197,49
PM682,,E09 - D706,E09 - DOING RIGHT,,,14,-2.6,51,78,0.17,0.45,21,-3,10,7,18,0.28,0.05,3,-0.18,0.01,189,47
PM683,,E09 - 3036,E09 - WOOD EMMETT 3036,,,17,-3.5,52,74,0.14,0.73,18,-1,9,9,18,0.22,0.06,3,-0.15,0.01,192,45
PM684,,E09 - 2385,E09 - ODOHERTY   2385,,,14,-2,58,85,0.17,0.92,20,-3,8,7,18,0.19,0.05,3,-0.2,0,176,46
PM685,,E09 - 8355,E09 - FEDDES LIBERATION D108- 8355,,,14,-2.6,58,89,0.19,0.98,21,-3,9,7,19,0.44,0.08,13,-0.15,0.01,197,48
PM686,,E09 - 8269,E09 - FEDDES DEFENDER Y17-8269,,,15,-2.5,58,85,0.17,1.11,19,-3,12,8,19,0.44,0.04,1,-0.11,0.01,202,47
PM687,,E15 - D104,E15 - VF ACQUISITION D104,,,17,-3.5,53,79,0.16,0.66,20,-1,12,9,17,0.36,0.08,5,-0.03,0.03,197,47
PM688,,E15 - D172,E15 - VF SILVER BOW D172,,,15,-2.2,65,101,0.23,0.97,21,0,14,10,17,0.37,0.07,13,0.02,0.02,205,49
PM689,,E15 - D706,E15 - DOING RIGHT,,,16,-3,53,80,0.17,0.51,23,-3,11,9,18,0.32,0.07,3,-0.16,0.02,197,48
PM690,,E15 - 3036,E15 - WOOD EMMETT 3036,,,19,-4,53,77,0.15,0.79,19,0,10,11,18,0.26,0.08,3,-0.14,0.02,200,46
PM691,,E15 - 2385,E15 - ODOHERTY   2385,,,15,-2.5,59,87,0.17,0.98,21,-2,9,9,17,0.23,0.07,3,-0.19,0.01,184,46
PM692,,E15 - 8355,E15 - FEDDES LIBERATION D108- 8355,,,16,-3,59,91,0.2,1.04,22,-2,10,9,19,0.49,0.1,13,-0.14,0.02,205,48
PM693,,E15 - 8269,E15 - FEDDES DEFENDER Y17-8269,,,17,-2.9,59,88,0.18,1.17,20,-3,13,10,19,0.48,0.06,1,-0.09,0.02,210,48
PM694,,E19 - D104,E19 - VF ACQUISITION D104,,,15,-2.3,53,78,0.16,0.62,20,-2,11,7,18,0.32,0.06,5,-0.05,0.03,188,47
PM695,,E19 - D172,E19 - VF SILVER BOW D172,,,13,-0.9,65,101,0.22,0.93,20,-1,13,8,18,0.33,0.05,13,0.01,0.01,197,49
PM696,,E19 - D706,E19 - DOING RIGHT,,,13,-1.8,52,80,0.17,0.47,22,-4,10,7,18,0.29,0.06,3,-0.18,0.01,189,48
PM697,,E19 - 3036,E19 - WOOD EMMETT 3036,,,16,-2.8,53,76,0.15,0.75,18,-1,10,9,18,0.23,0.07,3,-0.16,0.02,192,46
PM698,,E19 - 2385,E19 - ODOHERTY   2385,,,13,-1.2,59,86,0.17,0.94,20,-3,8,7,18,0.19,0.05,3,-0.2,0,176,46
PM699,,E19 - 8355,E19 - FEDDES LIBERATION D108- 8355,,,14,-1.8,59,91,0.2,1,21,-3,9,7,19,0.46,0.08,13,-0.16,0.01,197,48
PM700,,E19 - 8269,E19 - FEDDES DEFENDER Y17-8269,,,15,-1.7,59,87,0.18,1.13,19,-3,12,8,19,0.44,0.05,1,-0.11,0.01,202,47
PM701,,E29 - D104,E29 - VF ACQUISITION D104,,,17,-3.2,49,73,0.15,0.56,21,-1,12,10,18,0.36,0.07,5,-0.02,0.03,196,47
PM702,,E29 - D172,E29 - VF SILVER BOW D172,,,15,-1.8,61,96,0.22,0.87,21,-1,13,10,18,0.37,0.06,13,0.04,0.02,205,49
PM703,,E29 - D706,E29 - DOING RIGHT,,,15,-2.7,48,75,0.16,0.41,23,-3,11,9,18,0.32,0.07,3,-0.15,0.02,197,47
PM704,,E29 - 3036,E29 - WOOD EMMETT 3036,,,19,-3.6,49,71,0.14,0.68,20,-1,10,12,18,0.26,0.07,3,-0.12,0.02,200,45
PM705,,E29 - 2385,E29 - ODOHERTY   2385,,,15,-2.1,55,81,0.16,0.88,22,-2,8,9,18,0.23,0.06,3,-0.17,0.01,184,46
PM706,,E29 - 8355,E29 - FEDDES LIBERATION D108- 8355,,,16,-2.7,55,86,0.19,0.94,23,-3,10,10,19,0.49,0.09,13,-0.12,0.02,205,48
PM707,,E29 - 8269,E29 - FEDDES DEFENDER Y17-8269,,,17,-2.5,55,82,0.17,1.07,21,-3,13,10,19,0.48,0.05,1,-0.08,0.02,210,47
PM708,,E30 - D104,E30 - VF ACQUISITION D104,,,15,-2.2,51,77,0.16,0.71,21,-3,11,8,16,0.32,0.06,7,-0.02,0.03,172,47
PM709,,E30 - D172,E30 - VF SILVER BOW D172,,,13,-0.9,63,99,0.23,1.02,21,-2,12,8,16,0.33,0.05,15,0.03,0.02,181,49
PM710,,E30 - D706,E30 - DOING RIGHT,,,13,-1.8,51,79,0.17,0.56,23,-4,10,7,16,0.29,0.06,5,-0.15,0.01,173,47
PM711,,E30 - 3036,E30 - WOOD EMMETT 3036,,,16,-2.7,51,75,0.15,0.84,20,-2,9,10,17,0.23,0.07,5,-0.12,0.02,176,45
PM712,,E30 - 2385,E30 - ODOHERTY   2385,,,13,-1.1,58,85,0.17,1.03,22,-4,7,8,16,0.19,0.05,5,-0.18,0,160,46
PM713,,E30 - 8355,E30 - FEDDES LIBERATION D108- 8355,,,13,-1.7,58,90,0.2,1.09,22,-4,9,8,17,0.46,0.08,15,-0.12,0.01,181,48
PM714,,E30 - 8269,E30 - FEDDES DEFENDER Y17-8269,,,14,-1.6,57,86,0.18,1.22,21,-4,12,8,17,0.44,0.05,3,-0.09,0.02,186,47
PM715,,E40 - D104,E40 - VF ACQUISITION D104,,,15,-2.4,52,77,0.16,0.62,20,-2,11,8,16,0.33,0.07,5,-0.04,0.03,176,47
PM716,,E40 - D172,E40 - VF SILVER BOW D172,,,13,-1,64,99,0.22,0.94,21,-2,12,8,16,0.33,0.06,13,0.02,0.02,184,49
PM717,,E40 - D706,E40 - DOING RIGHT,,,13,-2,51,78,0.17,0.48,22,-4,9,7,17,0.3,0.06,3,-0.17,0.01,177,47
PM718,,E40 - 3036,E40 - WOOD EMMETT 3036,,,17,-2.9,52,75,0.15,0.75,19,-2,9,10,17,0.23,0.07,3,-0.14,0.02,180,45
PM719,,E40 - 2385,E40 - ODOHERTY   2385,,,13,-1.4,58,85,0.17,0.95,21,-3,7,8,16,0.2,0.05,3,-0.19,0,164,46
PM720,,E40 - 8355,E40 - FEDDES LIBERATION D108- 8355,,,14,-1.9,58,89,0.2,1.01,22,-4,9,8,17,0.46,0.09,13,-0.14,0.01,185,48
PM721,,E40 - 8269,E40 - FEDDES DEFENDER Y17-8269,,,15,-1.8,58,86,0.18,1.14,20,-4,11,8,18,0.45,0.05,1,-0.1,0.02,190,47
PM722,,E51 - D104,E51 - VF ACQUISITION D104,,,15,-2.7,50,75,0.15,0.58,21,-2,11,7,18,0.32,0.06,4,-0.04,0.03,186,47
PM723,,E51 - D172,E51 - VF SILVER BOW D172,,,13,-1.3,62,97,0.22,0.9,21,-1,12,8,17,0.32,0.05,13,0.02,0.01,195,49
PM724,,E51 - D706,E51 - DOING RIGHT,,,14,-2.2,50,76,0.16,0.44,23,-4,10,7,18,0.28,0.05,3,-0.17,0.01,187,47
PM725,,E51 - 3036,E51 - WOOD EMMETT 3036,,,17,-3.1,50,73,0.14,0.71,20,-1,9,9,18,0.22,0.06,2,-0.14,0.01,190,45
PM726,,E51 - 2385,E51 - ODOHERTY   2385,,,13,-1.6,57,83,0.16,0.91,22,-3,7,7,18,0.19,0.05,2,-0.19,0,174,46
PM727,,E51 - 8355,E51 - FEDDES LIBERATION D108- 8355,,,14,-2.2,57,87,0.19,0.97,22,-3,9,7,19,0.45,0.08,12,-0.14,0.01,195,48
PM728,,E51 - 8269,E51 - FEDDES DEFENDER Y17-8269,,,15,-2,56,84,0.17,1.09,21,-3,12,8,19,0.44,0.04,1,-0.1,0.01,200,47
PM729,,E56 - D104,E56 - VF ACQUISITION D104,,,15,-2.8,54,82,0.17,0.73,22,-2,11,8,17,0.34,0.07,5,-0.04,0.03,187,47
PM730,,E56 - D172,E56 - VF SILVER BOW D172,,,14,-1.4,66,104,0.24,1.05,22,-1,12,9,17,0.34,0.06,14,0.02,0.02,195,50
PM731,,E56 - D706,E56 - DOING RIGHT,,,14,-2.3,54,83,0.18,0.58,24,-4,10,8,18,0.3,0.06,3,-0.17,0.01,188,48
PM732,,E56 - 3036,E56 - WOOD EMMETT 3036,,,17,-3.2,54,80,0.16,0.86,21,-1,9,10,18,0.24,0.07,3,-0.14,0.02,191,46
PM733,,E56 - 2385,E56 - ODOHERTY   2385,,,14,-1.7,61,90,0.18,1.05,23,-3,7,8,17,0.2,0.05,3,-0.19,0.01,175,46
PM734,,E56 - 8355,E56 - FEDDES LIBERATION D108- 8355,,,14,-2.2,61,94,0.21,1.12,24,-3,9,8,18,0.47,0.09,13,-0.14,0.01,196,49
PM735,,E56 - 8269,E56 - FEDDES DEFENDER Y17-8269,,,15,-2.2,61,91,0.19,1.24,22,-3,12,9,18,0.45,0.05,1,-0.1,0.02,201,48
PM736,,E59 - D104,E59 - VF ACQUISITION D104,,,14,-1.9,54,81,0.17,0.73,20,-3,11,8,16,0.32,0.06,7,-0.01,0.03,174,47
PM737,,E59 - D172,E59 - VF SILVER BOW D172,,,13,-0.5,66,103,0.23,1.04,20,-2,12,8,16,0.33,0.05,15,0.05,0.01,182,49
PM738,,E59 - D706,E59 - DOING RIGHT,,,13,-1.4,53,82,0.18,0.58,22,-5,10,7,16,0.29,0.05,5,-0.14,0.01,174,48
PM739,,E59 - 3036,E59 - WOOD EMMETT 3036,,,16,-2.3,54,79,0.16,0.85,19,-2,9,10,16,0.23,0.06,5,-0.11,0.02,177,46
PM740,,E59 - 2385,E59 - ODOHERTY   2385,,,13,-0.8,60,89,0.18,1.05,21,-4,7,8,16,0.19,0.05,5,-0.16,0,161,46
PM741,,E59 - 8355,E59 - FEDDES LIBERATION D108- 8355,,,13,-1.4,60,93,0.21,1.11,21,-4,9,8,17,0.46,0.08,15,-0.11,0.01,182,48
PM742,,E59 - 8269,E59 - FEDDES DEFENDER Y17-8269,,,14,-1.2,60,90,0.19,1.24,20,-4,12,8,17,0.44,0.04,3,-0.07,0.01,187,48
PM743,,E71 - D104,E71 - VF ACQUISITION D104,,,13,-1,58,87,0.18,0.77,19,-2,11,7,17,0.34,0.07,4,-0.05,0.03,183,48
PM744,,E71 - D172,E71 - VF SILVER BOW D172,,,12,0.3,70,110,0.25,1.09,20,-1,12,8,17,0.34,0.06,13,0.01,0.02,192,50
PM745,,E71 - D706,E71 - DOING RIGHT,,,12,-0.6,58,89,0.19,0.63,21,-4,10,6,17,0.3,0.06,3,-0.18,0.01,184,48
PM746,,E71 - 3036,E71 - WOOD EMMETT 3036,,,15,-1.5,58,85,0.17,0.9,18,-1,9,9,18,0.24,0.07,3,-0.15,0.02,187,46
PM747,,E71 - 2385,E71 - ODOHERTY   2385,,,12,0,65,96,0.19,1.1,20,-3,8,7,17,0.2,0.05,2,-0.2,0.01,171,47
PM748,,E71 - 8355,E71 - FEDDES LIBERATION D108- 8355,,,12,-0.6,65,100,0.22,1.16,21,-3,9,7,18,0.47,0.09,12,-0.15,0.01,192,49
PM749,,E71 - 8269,E71 - FEDDES DEFENDER Y17-8269,,,13,-0.4,65,96,0.2,1.28,19,-3,12,7,18,0.45,0.05,1,-0.11,0.02,197,48
PM750,,E87 - D104,E87 - VF ACQUISITION D104,,,14,-1.9,56,84,0.17,0.73,21,-2,12,7,19,0.32,0.06,5,-0.04,0.03,196,47
PM751,,E87 - D172,E87 - VF SILVER BOW D172,,,12,-0.6,68,106,0.24,1.04,21,-1,13,8,18,0.32,0.05,13,0.02,0.01,204,50
PM752,,E87 - D706,E87 - DOING RIGHT,,,13,-1.4,56,86,0.18,0.58,23,-3,11,6,19,0.28,0.06,3,-0.17,0.01,196,48
PM753,,E87 - 3036,E87 - WOOD EMMETT 3036,,,16,-2.4,56,82,0.16,0.85,20,-1,10,9,19,0.22,0.06,3,-0.14,0.02,199,46
PM754,,E87 - 2385,E87 - ODOHERTY   2385,,,12,-0.9,63,92,0.18,1.05,22,-3,8,7,18,0.19,0.05,3,-0.19,0,183,47
PM755,,E87 - 8355,E87 - FEDDES LIBERATION D108- 8355,,,13,-1.4,63,97,0.21,1.11,22,-3,10,7,20,0.45,0.08,13,-0.14,0.01,204,49
PM756,,E87 - 8269,E87 - FEDDES DEFENDER Y17-8269,,,14,-1.3,62,93,0.19,1.24,21,-3,12,7,20,0.44,0.04,1,-0.1,0.01,209,48
PM757,,F03 - D104,F03 - VF ACQUISITION D104,,,16,-3.4,55,82,0.17,0.62,21,-2,11,9,16,0.32,0.07,5,-0.05,0.03,183,47
PM758,,F03 - D172,F03 - VF SILVER BOW D172,,,15,-2,67,104,0.23,0.94,21,-1,12,9,16,0.33,0.06,13,0.01,0.02,192,50
PM759,,F03 - D706,F03 - DOING RIGHT,,,15,-2.9,55,83,0.18,0.47,23,-4,9,8,17,0.29,0.06,3,-0.18,0.01,184,48
PM760,,F03 - 3036,F03 - WOOD EMMETT 3036,,,18,-3.9,55,80,0.15,0.75,19,-1,9,11,17,0.23,0.07,3,-0.16,0.02,187,46
PM761,,F03 - 2385,F03 - ODOHERTY   2385,,,15,-2.3,62,90,0.18,0.94,21,-3,7,8,16,0.19,0.05,3,-0.2,0,171,46
PM762,,F03 - 8355,F03 - FEDDES LIBERATION D108- 8355,,,15,-2.9,62,94,0.2,1,22,-3,9,9,17,0.46,0.09,13,-0.16,0.01,192,49
PM763,,F03 - 8269,F03 - FEDDES DEFENDER Y17-8269,,,16,-2.8,61,91,0.18,1.13,20,-3,11,9,18,0.44,0.05,1,-0.11,0.02,197,48
PM764,,F04 - D104,F04 - VF ACQUISITION D104,,,17,-3.6,45,69,0.15,0.52,21,-3,12,9,17,0.39,0.08,6,-0.02,0.03,184,47
PM765,,F04 - D172,F04 - VF SILVER BOW D172,,,15,-2.2,57,91,0.22,0.84,21,-2,13,10,16,0.4,0.07,14,0.04,0.02,192,49
PM766,,F04 - D706,F04 - DOING RIGHT,,,15,-3.2,44,71,0.16,0.38,23,-5,10,8,17,0.36,0.07,4,-0.15,0.02,185,47
PM767,,F04 - 3036,F04 - WOOD EMMETT 3036,,,18,-4.1,45,67,0.14,0.65,20,-2,10,11,17,0.3,0.08,4,-0.12,0.02,188,45
PM768,,F04 - 2385,F04 - ODOHERTY   2385,,,15,-2.5,51,77,0.16,0.85,22,-4,8,9,16,0.26,0.06,4,-0.17,0.01,172,46
PM769,,F04 - 8355,F04 - FEDDES LIBERATION D108- 8355,,,15,-3.1,51,82,0.19,0.91,22,-4,10,9,18,0.52,0.1,14,-0.12,0.01,192,48
PM770,,F04 - 8269,F04 - FEDDES DEFENDER Y17-8269,,,16,-3,51,78,0.17,1.03,21,-4,12,9,18,0.51,0.06,2,-0.08,0.02,198,47
PM771,,F08 - D104,F08 - VF ACQUISITION D104,,,15,-2.2,56,86,0.19,0.55,21,-2,13,8,18,0.4,0.07,10,0.07,0.03,201,49
PM772,,F08 - D172,F08 - VF SILVER BOW D172,,,13,-0.9,68,108,0.25,0.86,21,-1,14,9,18,0.41,0.06,19,0.12,0.02,209,51
PM773,,F08 - D706,F08 - DOING RIGHT,,,14,-1.8,56,88,0.2,0.4,23,-4,11,8,18,0.37,0.06,9,-0.06,0.02,201,49
PM774,,F08 - 3036,F08 - WOOD EMMETT 3036,,,17,-2.8,56,84,0.18,0.68,20,-1,11,10,18,0.31,0.07,8,-0.04,0.02,204,47
PM775,,F08 - 2385,F08 - ODOHERTY   2385,,,13,-1.2,62,94,0.2,0.87,22,-3,9,8,18,0.27,0.05,8,-0.09,0.01,188,48
PM776,,F08 - 8355,F08 - FEDDES LIBERATION D108- 8355,,,14,-1.8,62,99,0.23,0.93,23,-3,10,8,19,0.53,0.09,18,-0.04,0.01,209,50
PM777,,F08 - 8269,F08 - FEDDES DEFENDER Y17-8269,,,15,-1.6,62,95,0.21,1.06,21,-3,13,9,19,0.52,0.05,6,0,0.02,214,49
PM778,,F19 - D104,F19 - VF ACQUISITION D104,,,17,-3.6,43,64,0.13,0.41,19,-3,12,9,16,0.34,0.07,6,0,0.03,178,46
PM779,,F19 - D172,F19 - VF SILVER BOW D172,,,15,-2.2,55,86,0.19,0.73,19,-2,13,10,16,0.35,0.06,14,0.05,0.02,186,48
PM780,,F19 - D706,F19 - DOING RIGHT,,,16,-3.1,43,65,0.14,0.27,21,-5,11,9,16,0.31,0.06,4,-0.13,0.02,178,46
PM781,,F19 - 3036,F19 - WOOD EMMETT 3036,,,19,-4.1,43,62,0.11,0.54,18,-2,10,11,16,0.25,0.07,4,-0.11,0.02,181,44
PM782,,F19 - 2385,F19 - ODOHERTY   2385,,,15,-2.5,50,72,0.14,0.74,19,-4,8,9,16,0.22,0.06,4,-0.16,0.01,165,45
PM783,,F19 - 8355,F19 - FEDDES LIBERATION D108- 8355,,,16,-3.1,50,76,0.16,0.8,20,-4,10,9,17,0.48,0.09,14,-0.11,0.01,186,47
PM784,,F19 - 8269,F19 - FEDDES DEFENDER Y17-8269,,,17,-3,49,73,0.15,0.92,18,-4,13,10,17,0.46,0.05,2,-0.06,0.02,191,46
PM785,,F21 - D104,F21 - VF ACQUISITION D104,,,15,-2.2,50,77,0.17,0.47,22,-3,11,8,17,0.38,0.07,6,-0.02,0.03,187,48
PM786,,F21 - D172,F21 - VF SILVER BOW D172,,,13,-0.9,62,99,0.23,0.78,22,-2,13,8,17,0.38,0.06,14,0.03,0.02,196,50
PM787,,F21 - D706,F21 - DOING RIGHT,,,13,-1.8,50,78,0.18,0.32,24,-5,10,7,18,0.34,0.06,4,-0.16,0.01,188,48
PM788,,F21 - 3036,F21 - WOOD EMMETT 3036,,,16,-2.8,50,75,0.16,0.59,21,-2,10,10,18,0.28,0.07,4,-0.13,0.02,191,46
PM789,,F21 - 2385,F21 - ODOHERTY   2385,,,13,-1.2,56,85,0.18,0.79,23,-4,8,7,17,0.25,0.06,4,-0.18,0.01,175,47
PM790,,F21 - 8355,F21 - FEDDES LIBERATION D108- 8355,,,13,-1.8,56,89,0.21,0.85,23,-4,9,7,18,0.51,0.09,14,-0.13,0.01,196,49
PM791,,F21 - 8269,F21 - FEDDES DEFENDER Y17-8269,,,14,-1.6,56,86,0.19,0.98,22,-5,12,8,19,0.5,0.05,2,-0.09,0.02,201,48
PM792,,F31 - D104,F31 - VF ACQUISITION D104,,,17,-3.9,48,74,0.16,0.49,21,-3,12,9,16,0.39,0.08,6,-0.02,0.03,184,47
PM793,,F31 - D172,F31 - VF SILVER BOW D172,,,15,-2.5,60,96,0.23,0.8,21,-2,13,9,16,0.39,0.07,14,0.03,0.02,193,50
PM794,,F31 - D706,F31 - DOING RIGHT,,,15,-3.4,48,75,0.17,0.34,23,-5,10,8,17,0.36,0.07,4,-0.15,0.02,185,48
PM795,,F31 - 3036,F31 - WOOD EMMETT 3036,,,19,-4.4,48,72,0.15,0.61,20,-2,10,11,17,0.3,0.08,4,-0.12,0.02,188,46
PM796,,F31 - 2385,F31 - ODOHERTY   2385,,,15,-2.8,55,82,0.17,0.81,22,-4,8,9,16,0.26,0.06,4,-0.18,0.01,172,47
PM797,,F31 - 8355,F31 - FEDDES LIBERATION D108- 8355,,,16,-3.4,55,86,0.2,0.87,22,-4,9,9,17,0.52,0.1,14,-0.12,0.01,193,49
PM798,,F31 - 8269,F31 - FEDDES DEFENDER Y17-8269,,,17,-3.3,54,83,0.18,1,21,-4,12,9,17,0.51,0.06,2,-0.09,0.02,198,48
PM799,,F79 - D104,F79 - VF ACQUISITION D104,,,16,-3.3,51,80,0.18,0.75,23,-2,12,9,16,0.41,0.07,11,0.06,0.03,186,48
PM800,,F79 - D172,F79 - VF SILVER BOW D172,,,14,-2,63,102,0.24,1.06,23,-1,13,10,16,0.41,0.06,19,0.12,0.02,194,50
PM801,,F79 - D706,F79 - DOING RIGHT,,,15,-2.9,51,81,0.19,0.6,25,-4,11,8,17,0.37,0.06,9,-0.07,0.02,186,48
PM802,,F79 - 3036,F79 - WOOD EMMETT 3036,,,18,-3.8,51,78,0.17,0.87,22,-1,10,11,17,0.31,0.07,9,-0.05,0.02,189,46
PM803,,F79 - 2385,F79 - ODOHERTY   2385,,,14,-2.3,58,88,0.19,1.07,24,-3,8,9,16,0.28,0.06,9,-0.09,0.01,173,47
PM804,,F79 - 8355,F79 - FEDDES LIBERATION D108- 8355,,,15,-2.8,58,92,0.22,1.13,24,-3,10,9,17,0.54,0.09,19,-0.05,0.01,194,49
PM805,,F79 - 8269,F79 - FEDDES DEFENDER Y17-8269,,,16,-2.8,57,89,0.2,1.26,23,-3,13,9,18,0.52,0.05,7,0,0.02,199,48
PM806,,F81 - D104,F81 - VF ACQUISITION D104,,,17,-3.7,46,71,0.15,0.59,23,-2,11,9,17,0.39,0.08,6,0.04,0.04,186,47
PM807,,F81 - D172,F81 - VF SILVER BOW D172,,,15,-2.3,58,93,0.22,0.91,23,-1,13,9,17,0.4,0.07,15,0.09,0.03,194,49
PM808,,F81 - D706,F81 - DOING RIGHT,,,15,-3.2,46,72,0.16,0.44,25,-4,10,8,17,0.36,0.07,5,-0.09,0.02,186,47
PM809,,F81 - 3036,F81 - WOOD EMMETT 3036,,,18,-4.2,46,69,0.14,0.72,22,-1,9,11,18,0.3,0.08,4,-0.07,0.03,190,45
PM810,,F81 - 2385,F81 - ODOHERTY   2385,,,15,-2.7,53,79,0.16,0.92,24,-3,8,8,17,0.26,0.06,4,-0.12,0.02,174,46
PM811,,F81 - 8355,F81 - FEDDES LIBERATION D108- 8355,,,16,-3.2,53,83,0.19,0.98,24,-3,9,9,18,0.52,0.09,14,-0.07,0.02,194,48
PM812,,F81 - 8269,F81 - FEDDES DEFENDER Y17-8269,,,17,-3.1,52,79,0.17,1.1,23,-3,12,9,18,0.51,0.06,3,-0.03,0.03,200,47
PM813,,F83 - D104,F83 - VF ACQUISITION D104,,,16,-3.1,51,76,0.16,0.58,21,-2,11,8,16,0.33,0.06,5,-0.03,0.03,176,47
PM814,,F83 - D172,F83 - VF SILVER BOW D172,,,14,-1.8,63,98,0.22,0.9,21,-1,12,9,16,0.33,0.05,14,0.02,0.02,185,49
PM815,,F83 - D706,F83 - DOING RIGHT,,,14,-2.7,51,78,0.17,0.43,23,-4,10,8,16,0.3,0.06,4,-0.16,0.01,177,47
PM816,,F83 - 3036,F83 - WOOD EMMETT 3036,,,17,-3.6,51,74,0.14,0.71,20,-1,9,10,17,0.23,0.07,4,-0.14,0.02,180,45
PM817,,F83 - 2385,F83 - ODOHERTY   2385,,,14,-2,57,84,0.17,0.91,22,-3,7,8,16,0.2,0.05,3,-0.19,0,164,46
PM818,,F83 - 8355,F83 - FEDDES LIBERATION D108- 8355,,,15,-2.6,58,89,0.19,0.97,23,-3,9,8,17,0.46,0.08,13,-0.14,0.01,185,48
PM819,,F83 - 8269,F83 - FEDDES DEFENDER Y17-8269,,,16,-2.5,57,85,0.18,1.09,21,-3,11,9,17,0.45,0.05,2,-0.09,0.02,190,47
PM1,,F40 - D104,CHX    F40 - VF ACQUISITION D104,,,14,-2,45,66,0.13,0.21,17,-2,12,6,17,0.32,0.06,5,-0.02,0.02,178,47
PM2,?,F40 - D172,CHX    F40 - VF SILVER BOW D172,,,12,-0.6,57,88,0.2,0.52,17,-2,13,7,17,0.32,0.05,14,0.03,0.01,186,49
PM3,,F40 - D706,CHX    F40 - DOING RIGHT,,,13,-1.5,45,68,0.14,0.06,19,-4,10,6,17,0.28,0.05,4,-0.16,0.01,178,47
PM4,,F40 - 3036,CHX    F40 - WOOD EMMETT 3036,,,16,-2.4,45,64,0.12,0.33,16,-2,10,8,18,0.22,0.06,3,-0.13,0.01,181,45
PM5,,F40 - 2385,CHX    F40 - ODOHERTY   2385,,,12,-0.9,51,74,0.14,0.53,18,-4,8,6,17,0.19,0.04,3,-0.18,0,165,46
PM6,,F40 - 8355,CHX    F40 - FEDDES LIBERATION D108- 8355,,,13,-1.5,52,79,0.17,0.59,18,-4,9,6,18,0.45,0.08,13,-0.13,0.01,186,48
PM7,,F40 - 8269,CHX    F40 - FEDDES DEFENDER Y17-8269,,,14,-1.4,51,75,0.15,0.72,17,-4,12,7,18,0.44,0.04,2,-0.09,0.01,191,47
PM8,,D29 - D104,CHX    D29 - VF ACQUISITION D104,,,14,-2.2,41,60,0.12,0.11,19,-5,11,7,14,0.34,0.05,6,0.01,0.03,157,46
PM9,,D29 - D172,CHX    D29 - VF SILVER BOW D172,,,13,-0.9,53,83,0.18,0.43,19,-4,12,8,14,0.34,0.04,14,0.06,0.02,165,49
PM10,,D29 - D706,CHX    D29 - DOING RIGHT,,,13,-1.8,41,62,0.13,-0.04,21,-6,10,6,15,0.31,0.05,4,-0.12,0.01,157,47
PM11,,D29 - 3036,CHX    D29 - WOOD EMMETT 3036,,,16,-2.7,41,58,0.11,0.24,18,-4,9,9,15,0.25,0.05,4,-0.09,0.02,160,45
PM12,,D29 - 2385,CHX    D29 - ODOHERTY   2385,,,13,-1.1,48,69,0.13,0.44,20,-6,8,7,14,0.21,0.04,4,-0.15,0,144,45
PM13,,D29 - 8355,CHX    D29 - FEDDES LIBERATION D108- 8355,,,13,-1.7,48,73,0.16,0.5,21,-6,9,7,15,0.47,0.07,14,-0.09,0.01,165,48
PM14,,D29 - 8269,CHX    D29 - FEDDES DEFENDER Y17-8269,,,14,-1.6,47,69,0.14,0.62,19,-6,12,7,16,0.46,0.03,2,-0.05,0.02,170,47
PM15,,B40 - D104,CHX  B40 - VF ACQUISITION D104,,,15,-2.6,43,63,0.13,0.23,18,-2,12,6,17,0.31,0.06,5,-0.05,0.02,175,46
PM16,,B40 - D172,CHX  B40 - VF SILVER BOW D172,,,13,-1.2,55,86,0.19,0.54,18,-1,13,7,17,0.31,0.05,14,0.01,0.01,183,49
PM17,,B40 - D706,CHX  B40 - DOING RIGHT,,,13,-2.2,43,65,0.14,0.08,20,-3,11,5,17,0.27,0.05,3,-0.18,0.01,176,47
PM18,,B40 - 3036,CHX  B40 - WOOD EMMETT 3036,,,16,-3.1,43,61,0.12,0.35,17,-1,10,8,17,0.21,0.06,3,-0.15,0.01,179,45
PM19,,B40 - 2385,CHX  B40 - ODOHERTY   2385,,,13,-1.5,49,71,0.14,0.55,19,-3,8,6,17,0.17,0.05,3,-0.2,0,163,45
PM20,,B40 - 8355,CHX  B40 - FEDDES LIBERATION D108- 8355,,,13,-2.1,49,76,0.16,0.61,19,-3,10,6,18,0.44,0.08,13,-0.15,0,183,48
PM21,,B40 - 8269,CHX  B40 - FEDDES DEFENDER Y17-8269,,,14,-2,49,72,0.15,0.74,18,-3,13,6,18,0.42,0.04,1,-0.11,0.01,189,47
PM22,,K55 - D104,CHX  K55 - VF ACQUISITION D104,,,16,-3,35,50,0.09,0.09,18,-5,12,8,16,0.31,0.05,5,0,0.03,168,45
PM23,,K55 - D172,CHX  K55 - VF SILVER BOW D172,,,14,-1.6,47,72,0.16,0.41,18,-4,13,9,16,0.32,0.04,14,0.05,0.01,176,47
PM24,,K55 - D706,CHX  K55 - DOING RIGHT,,,14,-2.5,35,51,0.1,-0.05,20,-7,10,7,16,0.28,0.05,4,-0.14,0.01,168,45
PM25,,K55 - 3036,CHX  K55 - WOOD EMMETT 3036,,,17,-3.4,35,48,0.08,0.22,17,-4,10,10,16,0.22,0.05,3,-0.11,0.01,171,43
PM26,,K55 - 2385,CHX  K55 - ODOHERTY   2385,,,14,-1.9,41,58,0.1,0.42,19,-6,8,8,16,0.19,0.04,3,-0.16,0,155,44
PM27,,K55 - 8355,CHX  K55 - FEDDES LIBERATION D108- 8355,,,15,-2.5,41,62,0.13,0.48,20,-6,9,8,17,0.44,0.07,13,-0.11,0.01,176,46
PM28,,K55 - 8269,CHX  K55 - FEDDES DEFENDER Y17-8269,,,16,-2.3,41,59,0.11,0.6,18,-6,12,8,17,0.44,0.03,2,-0.07,0.01,181,45
PM29,,B71 - D104,HHOLL  B71 - VF ACQUISITION D104,,,14,-1.9,48,71,0.15,0.36,22,-2,11,8,19,0.33,0.06,3,-0.05,0.03,198,47
PM30,,B71 - D172,HHOLL  B71 - VF SILVER BOW D172,,,13,-0.6,60,93,0.21,0.67,22,-1,12,8,19,0.33,0.05,12,0.01,0.01,207,49
PM31,,B71 - D706,HHOLL  B71 - DOING RIGHT,,,13,-1.4,47,73,0.16,0.21,24,-4,10,7,20,0.3,0.05,2,-0.18,0.01,199,48
PM32,,B71 - 3036,HHOLL  B71 - WOOD EMMETT 3036,,,16,-2.4,48,69,0.13,0.49,21,-1,9,10,20,0.23,0.06,1,-0.15,0.02,202,45
PM33,,B71 - 2385,HHOLL  B71 - ODOHERTY   2385,,,13,-0.9,54,79,0.16,0.68,23,-3,7,7,19,0.2,0.05,1,-0.2,0,186,46
PM34,,B71 - 8355,HHOLL  B71 - FEDDES LIBERATION D108- 8355,,,13,-1.4,54,84,0.18,0.74,23,-3,9,8,20,0.46,0.08,11,-0.15,0.01,207,48
PM35,,B71 - 8269,HHOLL  B71 - FEDDES DEFENDER Y17-8269,,,14,-1.3,54,80,0.16,0.87,22,-3,12,8,20,0.45,0.04,0,-0.11,0.01,212,47
PM36,,I-04 - D104,CHX  I-04 - VF ACQUISITION D104,,,14,-1.9,39,57,0.11,0.15,20,-5,12,7,16,0.33,0.05,6,0,0.03,168,46
PM37,,I-04 - D172,CHX  I-04 - VF SILVER BOW D172,,,12,-0.5,51,80,0.18,0.46,20,-4,13,8,16,0.33,0.04,14,0.06,0.02,177,48
PM38,,I-04 - D706,CHX  I-04 - DOING RIGHT,,,13,-1.4,39,59,0.12,0,22,-7,10,6,16,0.3,0.05,4,-0.12,0.01,169,46
PM39,,I-04 - 3036,CHX  I-04 - WOOD EMMETT 3036,,,16,-2.3,39,55,0.1,0.27,19,-4,10,9,17,0.23,0.05,4,-0.1,0.02,172,44
PM40,,I-04 - 2385,CHX  I-04 - ODOHERTY   2385,,,12,-0.8,46,66,0.12,0.47,21,-6,8,7,16,0.2,0.04,4,-0.15,0,156,45
PM41,,I-04 - 8355,CHX  I-04 - FEDDES LIBERATION D108- 8355,,,13,-1.4,46,70,0.15,0.53,22,-6,9,7,17,0.46,0.07,14,-0.1,0.01,177,47
PM42,,I-04 - 8269,CHX  I-04 - FEDDES DEFENDER Y17-8269,,,14,-1.2,46,66,0.13,0.66,20,-6,12,7,17,0.45,0.03,2,-0.06,0.02,182,46
