RAAA#,Sex,AnimalID,Name,DOB,BrdCds,PROS,CED,BW,WW,YW,ADG,DMI,Milk,ME,HPG,CEM,STAY,Marb,YG,CW,REA,FAT,HB,GM
PM1,,K06 - M501,HHOLLK06 - BECKTON JET M501 P3,,,122,16,-4.3,46,67,0.14,0.03,26,-7,10,8,20,0.38,0.04,7,-0.11,0,88,34
PM2,,K06 - 4454M,HHOLLK06 - LSF CJR PRESIDENT 4454M,,,152,13,-4.4,47,68,0.14,0.09,29,-4,10,8,23,0.6,0,7,0,0,105,48
PM3,,K06 - N295,HHOLLK06 - WST WINFIELDN295,,,133,16,-3.7,49,76,0.17,0.17,27,-6,10,8,21,0.33,0.02,16,0.07,0.01,90,42
PM4,,K06 - M390,HHOLLK06 - BIEBER PRIORITY M390,,,132,17,-3.9,49,75,0.16,0.26,27,-6,10,9,20,0.52,0.05,11,0.06,0.02,87,45
PM5,,K06 - N33,HHOLLK06 - HHOLL N33,,,124,14,-3.2,43,63,0.12,0.05,27,-7,10,8,20,0.35,-0.03,6,0.01,-0.01,90,33
PM6,,K06 - N38,HHOLLK06 - HHOLL N38,,,134,14,-2.8,50,75,0.16,0.24,26,-5,10,8,20,0.43,-0.01,13,0.04,-0.01,91,43
PM7,,L10 - M501,HHOLLL10 - BECKTON JET M501 P3,,,140,15,-3.4,50,73,0.14,0.04,25,-9,11,8,21,0.4,0.04,9,-0.08,0.01,104,37
PM8,,L10 - 4454M,HHOLLL10 - LSF CJR PRESIDENT 4454M,,,170,13,-3.5,51,74,0.14,0.1,28,-6,11,8,25,0.62,0,9,0.03,0,120,50
PM9,,L10 - N295,HHOLLL10 - WST WINFIELDN295,,,150,15,-2.8,53,81,0.18,0.18,26,-8,11,8,22,0.35,0.03,17,0.11,0.01,106,44
PM10,,L10 - M390,HHOLLL10 - BIEBER PRIORITY M390,,,149,17,-3,53,81,0.17,0.27,26,-8,11,9,21,0.54,0.05,13,0.09,0.03,102,47
PM11,,L10 - N33,HHOLLL10 - HHOLL N33,,,141,14,-2.2,48,69,0.13,0.06,25,-9,10,8,22,0.37,-0.03,7,0.04,0,106,35
PM12,,L10 - N38,HHOLLL10 - HHOLL N38,,,152,13,-1.9,54,80,0.16,0.25,25,-7,11,8,22,0.45,-0.01,15,0.08,-0.01,107,46
PM13,,L35 - M501,HHOLLL35 - BECKTON JET M501 P3,,,120,15,-3.5,49,72,0.14,0.16,32,-7,11,8,19,0.39,0.03,12,-0.03,0,82,38
PM14,,L35 - 4454M,HHOLLL35 - LSF CJR PRESIDENT 4454M,,,150,13,-3.6,50,73,0.14,0.22,34,-4,10,8,22,0.61,-0.01,12,0.08,0,99,51
PM15,,L35 - N295,HHOLLL35 - WST WINFIELDN295,,,130,15,-2.8,52,80,0.18,0.3,33,-5,10,8,19,0.34,0.02,20,0.15,0.01,85,46
PM16,,L35 - M390,HHOLLL35 - BIEBER PRIORITY M390,,,129,17,-3.1,52,80,0.17,0.39,32,-5,10,9,18,0.53,0.04,16,0.14,0.02,81,48
PM17,,L35 - N33,HHOLLL35 - HHOLL N33,,,121,13,-2.3,47,68,0.13,0.18,32,-7,10,8,19,0.36,-0.04,10,0.09,-0.01,85,36
PM18,,L35 - N38,HHOLLL35 - HHOLL N38,,,132,13,-2,53,79,0.16,0.37,31,-5,10,8,19,0.44,-0.02,18,0.12,-0.01,85,47
PM19,,N56 - M501,HHOLLN56 - BECKTON JET M501 P3,,,140,14,-2.4,56,83,0.17,0.29,30,-5,11,7,23,0.39,0.04,11,-0.04,0,105,34
PM20,,N56 - 4454M,HHOLLN56 - LSF CJR PRESIDENT 4454M,,,170,11,-2.6,57,84,0.17,0.35,33,-2,11,7,26,0.62,0,11,0.07,0,122,48
PM21,,N56 - N295,HHOLLN56 - WST WINFIELDN295,,,150,14,-1.8,59,91,0.2,0.44,31,-4,10,7,24,0.34,0.02,20,0.14,0.01,108,42
PM22,,N56 - M390,HHOLLN56 - BIEBER PRIORITY M390,,,149,15,-2,60,91,0.19,0.52,31,-4,10,8,23,0.54,0.05,15,0.13,0.03,104,45
PM23,,N56 - N33,HHOLLN56 - HHOLL N33,,,141,12,-1.3,54,79,0.16,0.31,30,-5,10,7,24,0.37,-0.03,10,0.08,0,108,33
PM24,,N56 - N38,HHOLLN56 - HHOLL N38,,,152,12,-0.9,60,90,0.19,0.51,29,-3,11,7,23,0.44,-0.02,17,0.11,-0.01,108,43
PM25,,N46 - M501,HHOLLN46 - BECKTON JET M501 P3,,,125,17,-5.5,53,78,0.15,0.31,29,-7,11,9,20,0.39,0.05,11,-0.08,0.01,93,33
PM26,,N46 - 4454M,HHOLLN46 - LSF CJR PRESIDENT 4454M,,,155,15,-5.6,54,79,0.15,0.37,32,-5,11,9,23,0.62,0.01,11,0.03,0,109,46
PM27,,N46 - N295,HHOLLN46 - WST WINFIELDN295,,,136,17,-4.8,56,86,0.19,0.45,30,-6,11,9,20,0.34,0.04,19,0.11,0.01,95,41
PM28,,N46 - M390,HHOLLN46 - BIEBER PRIORITY M390,,,135,19,-5.1,57,86,0.18,0.54,30,-6,11,10,19,0.54,0.06,15,0.09,0.03,91,44
PM29,,N46 - N33,HHOLLN46 - HHOLL N33,,,127,16,-4.3,51,74,0.14,0.33,29,-8,10,9,20,0.37,-0.02,9,0.04,0,95,32
PM30,,N46 - N38,HHOLLN46 - HHOLL N38,,,138,15,-4,57,85,0.18,0.52,28,-6,11,9,20,0.44,0,17,0.08,-0.01,96,42
PM31,,A60 - M501,HHOLLA60 - BECKTON JET M501 P3,,,138,16,-3.5,53,79,0.16,0.26,30,-4,11,9,22,0.39,0.04,10,-0.05,0,104,34
PM32,,A60 - 4454M,HHOLLA60 - LSF CJR PRESIDENT 4454M,,,168,13,-3.6,54,79,0.16,0.32,33,-2,11,9,25,0.62,0,10,0.06,0,121,47
PM33,,A60 - N295,HHOLLA60 - WST WINFIELDN295,,,149,15,-2.8,56,87,0.19,0.4,31,-3,11,9,23,0.34,0.02,19,0.13,0.01,107,42
PM34,,A60 - M390,HHOLLA60 - BIEBER PRIORITY M390,,,148,17,-3.1,57,86,0.18,0.49,31,-3,11,10,22,0.54,0.05,14,0.12,0.03,103,45
PM35,,A60 - N33,HHOLLA60 - HHOLL N33,,,140,14,-2.3,51,74,0.15,0.28,30,-5,10,9,23,0.37,-0.03,9,0.07,0,107,33
PM36,,A60 - N38,HHOLLA60 - HHOLL N38,,,151,13,-2,58,86,0.18,0.47,29,-3,11,9,22,0.44,-0.01,16,0.1,-0.01,107,43
PM37,,C16 - M501,C16 - BECKTON JET M501 P3,,,138,16,-4.2,54,78,0.15,0.16,26,-7,11,9,22,0.38,0.04,10,-0.08,0,107,32
PM38,,C16 - 4454M,C16 - LSF CJR PRESIDENT 4454M,,,168,14,-4.3,55,79,0.15,0.22,28,-4,11,9,25,0.6,0,10,0.03,0,124,45
PM39,,C16 - N295,C16 - WST WINFIELDN295,,,149,16,-3.5,57,87,0.18,0.3,27,-6,11,8,23,0.33,0.03,18,0.1,0.01,109,39
PM40,,C16 - M390,C16 - BIEBER PRIORITY M390,,,148,18,-3.8,58,86,0.18,0.39,26,-6,11,10,22,0.52,0.05,13,0.09,0.02,106,42
PM41,,C16 - N33,C16 - HHOLL N33,,,140,15,-3,52,74,0.14,0.18,26,-7,10,9,23,0.35,-0.03,8,0.04,-0.01,109,30
PM42,,C16 - N38,C16 - HHOLL N38,,,151,14,-2.7,58,86,0.17,0.37,25,-5,11,9,22,0.43,-0.01,16,0.07,-0.01,110,41
PM43,,C19 - M501,C19 - BECKTON JET M501 P3,,,130,17,-4.5,56,81,0.16,0.31,29,-6,11,9,21,0.38,0.05,12,-0.07,0,98,31
PM44,,C19 - 4454M,C19 - LSF CJR PRESIDENT 4454M,,,160,14,-4.6,57,82,0.16,0.37,32,-3,10,9,24,0.6,0.01,12,0.04,0,115,44
PM45,,C19 - N295,C19 - WST WINFIELDN295,,,140,16,-3.8,59,89,0.19,0.45,30,-4,10,9,22,0.33,0.03,20,0.11,0.01,101,39
PM46,,C19 - M390,C19 - BIEBER PRIORITY M390,,,139,18,-4.1,59,89,0.18,0.54,30,-5,10,10,20,0.52,0.06,16,0.1,0.02,97,42
PM47,,C19 - N33,C19 - HHOLL N33,,,131,15,-3.3,54,77,0.15,0.33,29,-6,10,9,21,0.35,-0.02,10,0.05,-0.01,101,30
PM48,,C19 - N38,C19 - HHOLL N38,,,142,14,-3,60,88,0.18,0.52,29,-4,11,9,21,0.43,-0.01,18,0.08,-0.01,101,40
PM49,,C66 - M501,C66 - BECKTON JET M501 P3,,,123,16,-4.8,54,79,0.16,0.23,26,-7,11,8,20,0.38,0.04,9,-0.09,0,92,32
PM50,,C66 - 4454M,C66 - LSF CJR PRESIDENT 4454M,,,153,14,-4.8,55,80,0.16,0.29,29,-4,10,8,23,0.61,0,9,0.02,0,109,45
PM51,,C66 - N295,C66 - WST WINFIELDN295,,,134,16,-4.1,57,88,0.19,0.38,27,-5,10,8,21,0.33,0.03,18,0.09,0.01,94,39
PM52,,C66 - M390,C66 - BIEBER PRIORITY M390,,,133,18,-4.3,58,87,0.18,0.46,27,-5,10,9,20,0.53,0.05,13,0.08,0.03,91,42
PM53,,C66 - N33,C66 - HHOLL N33,,,125,15,-3.6,52,75,0.15,0.25,26,-7,10,8,21,0.35,-0.02,8,0.03,0,94,30
PM54,,C66 - N38,C66 - HHOLL N38,,,135,14,-3.2,58,87,0.18,0.45,25,-5,11,8,21,0.43,-0.01,15,0.06,-0.01,95,41
PM55,,C12 - M501,C12 - BECKTON JET M501 P3,,,124,15,-3.5,58,83,0.16,0.33,31,-4,11,8,21,0.38,0.04,10,-0.08,0,95,29
PM56,,C12 - 4454M,C12 - LSF CJR PRESIDENT 4454M,,,154,13,-3.6,58,84,0.16,0.39,34,-1,11,8,24,0.6,0,10,0.03,0,112,42
PM57,,C12 - N295,C12 - WST WINFIELDN295,,,134,15,-2.8,61,92,0.2,0.47,32,-2,10,7,22,0.33,0.03,19,0.11,0.01,97,37
PM58,,C12 - M390,C12 - BIEBER PRIORITY M390,,,133,17,-3.1,61,91,0.19,0.56,32,-2,10,9,21,0.52,0.05,14,0.09,0.02,93,40
PM59,,C12 - N33,C12 - HHOLL N33,,,125,14,-2.3,55,79,0.15,0.35,31,-4,10,8,22,0.35,-0.03,9,0.04,-0.01,97,28
PM60,,C12 - N38,C12 - HHOLL N38,,,136,13,-2,62,91,0.18,0.54,31,-2,11,8,22,0.43,-0.01,16,0.08,-0.01,98,38
PM61,,C14 - M501,C14 - BECKTON JET M501 P3,,,131,16,-4.2,54,79,0.16,0.1,23,-7,10,9,21,0.38,0.04,9,-0.09,0,96,35
PM62,,C14 - 4454M,C14 - LSF CJR PRESIDENT 4454M,,,161,14,-4.3,54,80,0.16,0.16,25,-4,10,9,24,0.61,0,9,0.02,0,113,49
PM63,,C14 - N295,C14 - WST WINFIELDN295,,,142,16,-3.6,56,88,0.2,0.24,24,-6,10,8,21,0.33,0.03,18,0.09,0.01,98,43
PM64,,C14 - M390,C14 - BIEBER PRIORITY M390,,,141,18,-3.8,57,87,0.19,0.33,24,-6,10,10,20,0.53,0.05,13,0.08,0.02,95,46
PM65,,C14 - N33,C14 - HHOLL N33,,,133,14,-3.1,51,75,0.15,0.12,23,-7,10,9,21,0.35,-0.03,8,0.03,-0.01,98,34
PM66,,C14 - N38,C14 - HHOLL N38,,,143,14,-2.7,58,87,0.18,0.31,22,-5,10,9,21,0.43,-0.01,15,0.06,-0.01,99,44
PM67,,C28 - M501,C28 - BECKTON JET M501 P3,,,135,17,-4.8,53,78,0.16,0.24,28,-5,10,9,21,0.38,0.04,12,-0.04,0,99,36
PM68,,C28 - 4454M,C28 - LSF CJR PRESIDENT 4454M,,,165,15,-4.9,53,79,0.16,0.3,31,-2,10,9,24,0.61,0,12,0.06,0,116,49
PM69,,C28 - N295,C28 - WST WINFIELDN295,,,145,17,-4.2,56,86,0.19,0.38,29,-4,10,9,22,0.33,0.03,21,0.14,0.01,102,44
PM70,,C28 - M390,C28 - BIEBER PRIORITY M390,,,145,19,-4.4,56,86,0.18,0.47,29,-4,10,10,21,0.53,0.05,16,0.12,0.02,98,46
PM71,,C28 - N33,C28 - HHOLL N33,,,136,15,-3.7,50,74,0.15,0.26,28,-5,10,9,22,0.35,-0.03,11,0.07,-0.01,102,35
PM72,,C28 - N38,C28 - HHOLL N38,,,147,15,-3.3,57,85,0.18,0.45,28,-3,10,9,22,0.43,-0.01,18,0.11,-0.01,102,45
PM73,,C47 - M501,C47 - BECKTON JET M501 P3,,,136,15,-3.5,54,81,0.17,0.32,30,-4,11,8,22,0.39,0.04,12,-0.04,0,100,36
PM74,,C47 - 4454M,C47 - LSF CJR PRESIDENT 4454M,,,166,12,-3.6,55,82,0.17,0.38,32,-1,11,8,25,0.62,0,12,0.06,0,117,50
PM75,,C47 - N295,C47 - WST WINFIELDN295,,,147,14,-2.8,57,89,0.2,0.46,31,-2,11,8,22,0.34,0.03,21,0.14,0.01,102,44
PM76,,C47 - M390,C47 - BIEBER PRIORITY M390,,,146,16,-3.1,58,89,0.19,0.55,31,-2,11,9,21,0.54,0.05,16,0.12,0.02,99,47
PM77,,C47 - N33,C47 - HHOLL N33,,,138,13,-2.3,52,77,0.16,0.34,30,-4,10,8,22,0.37,-0.03,11,0.07,-0.01,102,35
PM78,,C47 - N38,C47 - HHOLL N38,,,148,12,-2,58,88,0.19,0.53,29,-2,11,8,22,0.44,-0.01,18,0.11,-0.01,103,46
PM79,,C32 - M501,C32 - BECKTON JET M501 P3,,,141,16,-3.6,57,84,0.17,0.32,28,-3,10,9,22,0.39,0.04,13,-0.04,0,105,35
PM80,,C32 - 4454M,C32 - LSF CJR PRESIDENT 4454M,,,171,13,-3.7,58,85,0.17,0.38,31,0,10,9,25,0.61,0,13,0.07,0,122,49
PM81,,C32 - N295,C32 - WST WINFIELDN295,,,151,16,-2.9,60,93,0.21,0.47,29,-2,10,9,23,0.34,0.03,21,0.14,0.01,108,43
PM82,,C32 - M390,C32 - BIEBER PRIORITY M390,,,150,17,-3.2,60,92,0.2,0.55,29,-2,10,10,22,0.53,0.05,16,0.13,0.02,104,46
PM83,,C32 - N33,C32 - HHOLL N33,,,142,14,-2.4,55,80,0.16,0.34,28,-3,10,9,23,0.36,-0.03,11,0.08,-0.01,108,34
PM84,,C32 - N38,C32 - HHOLL N38,,,153,14,-2.1,61,92,0.19,0.54,27,-1,10,9,23,0.44,-0.01,19,0.11,-0.01,108,44
PM85,,C17 - M501,C17 - BECKTON JET M501 P3,,,137,16,-4.3,57,84,0.17,0.28,26,-6,11,9,21,0.41,0.05,12,-0.05,0.01,100,36
PM86,,C17 - 4454M,C17 - LSF CJR PRESIDENT 4454M,,,167,14,-4.4,58,85,0.17,0.34,28,-4,10,9,24,0.62,0.01,12,0.06,0,117,49
PM87,,C17 - N295,C17 - WST WINFIELDN295,,,147,16,-3.6,60,93,0.2,0.42,27,-5,10,9,21,0.35,0.03,21,0.13,0.01,103,44
PM88,,C17 - M390,C17 - BIEBER PRIORITY M390,,,146,18,-3.9,61,92,0.2,0.51,26,-5,10,10,20,0.55,0.06,16,0.12,0.03,99,47
PM89,,C17 - N33,C17 - HHOLL N33,,,138,15,-3.1,55,80,0.16,0.3,26,-7,10,9,21,0.38,-0.02,11,0.07,0,103,35
PM90,,C17 - N38,C17 - HHOLL N38,,,149,14,-2.8,61,92,0.19,0.49,25,-5,11,9,21,0.45,-0.01,18,0.1,-0.01,103,45
PM91,,D29 - M501,D29 - BECKTON JET M501 P3,,,131,17,-4.6,52,77,0.16,0.2,25,-6,11,9,20,0.44,0.05,9,-0.05,0.01,93,38
PM92,,D29 - 4454M,D29 - LSF CJR PRESIDENT 4454M,,,161,14,-4.7,52,78,0.16,0.26,28,-3,11,9,23,0.66,0.01,9,0.05,0.01,110,52
PM93,,D29 - N295,D29 - WST WINFIELDN295,,,141,17,-3.9,55,86,0.2,0.35,26,-4,11,9,21,0.38,0.04,18,0.12,0.02,95,46
PM94,,D29 - M390,D29 - BIEBER PRIORITY M390,,,140,18,-4.1,55,85,0.19,0.43,26,-5,11,10,20,0.57,0.06,13,0.12,0.03,91,49
PM95,,D29 - N33,D29 - HHOLL N33,,,132,15,-3.4,49,73,0.15,0.22,25,-6,10,9,20,0.41,-0.02,8,0.06,0,95,37
PM96,,D29 - N38,D29 - HHOLL N38,,,143,15,-3,56,85,0.18,0.42,25,-4,11,9,20,0.48,0,15,0.1,0,96,47
PM97,,D19 - M501,D19 - BECKTON JET M501 P3,,,132,18,-5.1,50,75,0.16,0.2,26,-7,11,10,19,0.44,0.05,8,-0.06,0.01,94,38
PM98,,D19 - 4454M,D19 - LSF CJR PRESIDENT 4454M,,,162,16,-5.2,51,76,0.16,0.26,28,-4,11,10,23,0.66,0.01,8,0.05,0.01,111,51
PM99,,D19 - N295,D19 - WST WINFIELDN295,,,143,18,-4.4,53,83,0.19,0.34,27,-5,11,10,20,0.38,0.04,17,0.12,0.02,97,46
PM100,,D19 - M390,D19 - BIEBER PRIORITY M390,,,142,20,-4.7,53,83,0.18,0.43,26,-5,11,11,19,0.57,0.06,12,0.11,0.03,93,49
PM101,,D19 - N33,D19 - HHOLL N33,,,134,16,-3.9,47,71,0.14,0.22,26,-7,10,10,20,0.41,-0.02,7,0.06,0,97,37
PM102,,D19 - N38,D19 - HHOLL N38,,,145,16,-3.6,54,82,0.18,0.41,25,-5,11,10,20,0.48,0,14,0.09,0,97,47
PM103,,D10 - M501,D10 - BECKTON JET M501 P3,,,143,18,-5.1,49,73,0.15,0.05,23,-8,11,10,21,0.43,0.05,7,-0.08,0.01,106,37
PM104,,D10 - 4454M,D10 - LSF CJR PRESIDENT 4454M,,,173,16,-5.2,50,74,0.15,0.11,26,-5,11,10,24,0.65,0.01,7,0.03,0.01,123,50
PM105,,D10 - N295,D10 - WST WINFIELDN295,,,153,18,-4.4,52,81,0.18,0.2,24,-6,11,10,22,0.37,0.04,15,0.1,0.02,108,45
PM106,,D10 - M390,D10 - BIEBER PRIORITY M390,,,152,20,-4.7,53,81,0.17,0.28,24,-7,11,11,21,0.56,0.06,11,0.09,0.03,105,47
PM107,,D10 - N33,D10 - HHOLL N33,,,144,16,-4,47,69,0.14,0.07,23,-8,11,10,22,0.39,-0.02,6,0.04,0,108,36
PM108,,D10 - N38,D10 - HHOLL N38,,,155,16,-3.6,53,80,0.17,0.27,22,-6,11,10,22,0.47,0,13,0.07,0,109,46
PM109,,D23 - M501,D23 - BECKTON JET M501 P3,,,135,17,-4.7,49,73,0.15,0.2,26,-6,11,10,20,0.45,0.06,7,-0.08,0.01,97,38
PM110,,D23 - 4454M,D23 - LSF CJR PRESIDENT 4454M,,,165,15,-4.8,50,74,0.15,0.26,29,-4,11,10,23,0.67,0.02,7,0.03,0.01,114,51
PM111,,D23 - N295,D23 - WST WINFIELDN295,,,145,17,-4,52,82,0.19,0.34,27,-5,11,9,21,0.4,0.04,16,0.11,0.02,99,46
PM112,,D23 - M390,D23 - BIEBER PRIORITY M390,,,144,19,-4.2,53,81,0.18,0.43,27,-5,11,11,20,0.59,0.07,11,0.09,0.03,96,48
PM113,,D23 - N33,D23 - HHOLL N33,,,136,15,-3.5,47,69,0.14,0.22,26,-7,11,9,21,0.42,-0.01,6,0.04,0,100,37
PM114,,D23 - N38,D23 - HHOLL N38,,,147,15,-3.2,53,81,0.17,0.41,26,-5,11,9,21,0.5,0,13,0.08,0,100,47
PM115,,E29 - M501,E29 - BECKTON JET M501 P3,,,140,16,-3.6,53,78,0.16,0.24,28,-7,11,9,22,0.39,0.04,11,-0.05,0,105,35
PM116,,E29 - 4454M,E29 - LSF CJR PRESIDENT 4454M,,,170,13,-3.7,54,79,0.16,0.3,31,-4,11,9,25,0.61,0,11,0.06,0,122,48
PM117,,E29 - N295,E29 - WST WINFIELDN295,,,150,15,-2.9,56,87,0.19,0.39,29,-5,11,9,22,0.34,0.03,19,0.13,0.01,108,42
PM118,,E29 - M390,E29 - BIEBER PRIORITY M390,,,149,17,-3.2,57,86,0.18,0.47,29,-6,11,10,21,0.53,0.05,15,0.12,0.02,104,45
PM119,,E29 - N33,E29 - HHOLL N33,,,141,14,-2.4,51,74,0.15,0.26,28,-7,10,9,22,0.36,-0.03,10,0.07,-0.01,108,33
PM120,,E29 - N38,E29 - HHOLL N38,,,152,13,-2.1,57,86,0.18,0.46,27,-5,11,9,22,0.44,-0.01,17,0.1,-0.01,108,44
PM121,,E30 - M501,E30 - BECKTON JET M501 P3,,,132,16,-3.9,52,77,0.15,0.18,27,-7,10,9,20,0.38,0.04,12,-0.06,0,96,36
PM122,,E30 - 4454M,E30 - LSF CJR PRESIDENT 4454M,,,162,14,-4.1,53,78,0.15,0.24,30,-4,10,9,24,0.6,0,12,0.05,0,113,49
PM123,,E30 - N295,E30 - WST WINFIELDN295,,,142,16,-3.2,55,85,0.19,0.33,28,-6,10,9,21,0.33,0.03,21,0.12,0.01,99,44
PM124,,E30 - M390,E30 - BIEBER PRIORITY M390,,,141,18,-3.5,56,85,0.18,0.41,28,-6,10,10,20,0.52,0.05,16,0.11,0.02,95,46
PM125,,E30 - N33,E30 - HHOLL N33,,,133,14,-2.8,50,73,0.14,0.2,27,-7,10,9,21,0.35,-0.03,11,0.06,-0.01,99,35
PM126,,E30 - N38,E30 - HHOLL N38,,,144,14,-2.4,57,84,0.17,0.4,26,-5,10,9,21,0.43,-0.01,18,0.09,-0.01,99,45
PM127,,E59 - M501,E59 - BECKTON JET M501 P3,,,134,15,-2.9,56,83,0.17,0.25,27,-7,11,8,21,0.38,0.04,14,-0.02,0,96,38
PM128,,E59 - 4454M,E59 - LSF CJR PRESIDENT 4454M,,,164,12,-3,57,84,0.17,0.31,30,-4,10,8,24,0.6,0,14,0.08,0,113,51
PM129,,E59 - N295,E59 - WST WINFIELDN295,,,144,15,-2.2,59,92,0.2,0.39,28,-5,10,8,21,0.33,0.03,23,0.16,0.01,99,45
PM130,,E59 - M390,E59 - BIEBER PRIORITY M390,,,143,16,-2.5,60,91,0.2,0.48,28,-6,10,9,20,0.52,0.05,18,0.14,0.02,95,48
PM131,,E59 - N33,E59 - HHOLL N33,,,135,13,-1.8,54,79,0.16,0.27,27,-7,10,8,21,0.35,-0.03,13,0.09,-0.01,99,36
PM132,,E59 - N38,E59 - HHOLL N38,,,146,13,-1.4,60,91,0.19,0.46,26,-5,11,8,21,0.43,-0.01,20,0.12,-0.01,99,47
PM133,,F06 - M501,F06 - BECKTON JET M501 P3,,,138,15,-3.6,57,84,0.17,0.31,28,-5,11,8,22,0.39,0.04,12,-0.05,0,104,35
PM134,,F06 - 4454M,F06 - LSF CJR PRESIDENT 4454M,,,168,13,-3.8,57,85,0.17,0.37,31,-2,10,8,25,0.62,0,12,0.06,0,120,48
PM135,,F06 - N295,F06 - WST WINFIELDN295,,,149,15,-3,60,92,0.2,0.46,29,-3,10,8,23,0.34,0.03,20,0.13,0.01,106,43
PM136,,F06 - M390,F06 - BIEBER PRIORITY M390,,,148,17,-3.2,60,92,0.2,0.54,29,-4,10,9,22,0.54,0.05,15,0.12,0.02,102,45
PM137,,F06 - N33,F06 - HHOLL N33,,,140,14,-2.5,54,80,0.16,0.33,28,-5,10,8,23,0.37,-0.03,10,0.07,-0.01,106,34
PM138,,F06 - N38,F06 - HHOLL N38,,,150,13,-2.1,61,91,0.19,0.53,27,-3,10,8,22,0.44,-0.01,18,0.1,-0.01,107,44
PM139,,F08 - M501,F08 - BECKTON JET M501 P3,,,152,15,-3.5,61,96,0.22,0.48,26,-5,12,9,21,0.5,0.05,17,0.04,0.01,102,51
PM140,,F08 - 4454M,F08 - LSF CJR PRESIDENT 4454M,,,182,13,-3.7,62,97,0.22,0.54,28,-2,12,9,24,0.72,0.01,17,0.15,0.01,119,64
PM141,,F08 - N295,F08 - WST WINFIELDN295,,,163,15,-2.9,64,104,0.25,0.63,27,-4,12,9,21,0.44,0.04,25,0.22,0.02,104,58
PM142,,F08 - M390,F08 - BIEBER PRIORITY M390,,,162,17,-3.1,65,104,0.24,0.71,26,-4,12,10,20,0.63,0.06,21,0.21,0.03,101,61
PM143,,F08 - N33,F08 - HHOLL N33,,,154,14,-2.4,59,92,0.2,0.5,26,-6,11,9,21,0.47,-0.02,15,0.16,0,104,49
PM144,,F08 - N38,F08 - HHOLL N38,,,164,13,-2,66,103,0.24,0.7,25,-4,12,9,21,0.54,0,23,0.19,0,105,60
PM145,,F19 - M501,F19 - BECKTON JET M501 P3,,,127,18,-5.5,47,69,0.14,0.06,26,-8,12,10,18,0.44,0.05,10,-0.04,0.01,86,42
PM146,,F19 - 4454M,F19 - LSF CJR PRESIDENT 4454M,,,158,16,-5.6,47,70,0.14,0.12,28,-5,11,10,21,0.67,0.01,10,0.07,0.01,103,55
PM147,,F19 - N295,F19 - WST WINFIELDN295,,,138,18,-4.8,49,77,0.17,0.21,27,-7,11,10,19,0.39,0.04,18,0.14,0.02,88,50
PM148,,F19 - M390,F19 - BIEBER PRIORITY M390,,,137,20,-5.1,50,77,0.17,0.29,26,-7,11,11,17,0.59,0.06,13,0.13,0.03,84,52
PM149,,F19 - N33,F19 - HHOLL N33,,,129,17,-4.3,44,65,0.13,0.08,26,-8,11,10,18,0.41,-0.02,8,0.08,0,88,41
PM150,,F19 - N38,F19 - HHOLL N38,,,140,16,-4,51,76,0.16,0.28,25,-6,12,10,18,0.49,0,16,0.11,0,89,51
PM151,,F21 - M501,F21 - BECKTON JET M501 P3,,,137,15,-3.9,58,87,0.18,0.29,25,-7,11,8,20,0.46,0.05,12,-0.04,0.01,94,43
PM152,,F21 - 4454M,F21 - LSF CJR PRESIDENT 4454M,,,167,13,-4.1,58,87,0.18,0.35,27,-4,11,8,23,0.68,0.01,12,0.07,0,111,56
PM153,,F21 - N295,F21 - WST WINFIELDN295,,,147,15,-3.2,60,95,0.22,0.43,26,-5,11,8,21,0.41,0.03,21,0.14,0.01,96,51
PM154,,F21 - M390,F21 - BIEBER PRIORITY M390,,,146,17,-3.5,61,94,0.21,0.52,25,-6,11,9,20,0.6,0.06,16,0.13,0.03,93,53
PM155,,F21 - N33,F21 - HHOLL N33,,,138,14,-2.8,55,83,0.17,0.31,25,-7,11,8,21,0.43,-0.02,11,0.08,0,96,42
PM156,,F21 - N38,F21 - HHOLL N38,,,149,13,-2.4,62,94,0.2,0.5,24,-5,11,8,20,0.5,0,18,0.11,0,97,52
PM157,,F79 - M501,F79 - BECKTON JET M501 P3,,,148,17,-4.8,57,91,0.21,0.38,24,-4,11,10,20,0.5,0.06,14,-0.01,0.01,98,51
PM158,,F79 - 4454M,F79 - LSF CJR PRESIDENT 4454M,,,178,14,-4.9,58,92,0.21,0.44,27,-2,11,10,23,0.72,0.02,14,0.09,0.01,114,64
PM159,,F79 - N295,F79 - WST WINFIELDN295,,,158,16,-4.2,60,99,0.24,0.53,25,-3,11,10,21,0.44,0.04,22,0.17,0.02,100,58
PM160,,F79 - M390,F79 - BIEBER PRIORITY M390,,,157,18,-4.4,61,99,0.24,0.61,25,-3,11,11,20,0.63,0.07,18,0.16,0.03,96,61
PM161,,F79 - N33,F79 - HHOLL N33,,,149,15,-3.7,55,87,0.2,0.4,24,-5,11,10,21,0.47,-0.01,13,0.11,0,100,49
PM162,,F79 - N38,F79 - HHOLL N38,,,160,14,-3.3,62,98,0.23,0.6,23,-3,11,10,20,0.54,0.01,20,0.14,0,101,60
PM163,,F81 - M501,F81 - BECKTON JET M501 P3,,,133,18,-5.9,51,78,0.17,0.25,30,-5,11,9,20,0.45,0.05,11,-0.02,0.01,89,44
PM164,,F81 - 4454M,F81 - LSF CJR PRESIDENT 4454M,,,163,15,-6,51,79,0.17,0.31,32,-2,11,9,23,0.67,0.01,11,0.08,0.01,106,57
PM165,,F81 - N295,F81 - WST WINFIELDN295,,,143,18,-5.2,54,86,0.21,0.39,31,-4,10,9,20,0.4,0.04,20,0.16,0.02,91,52
PM166,,F81 - M390,F81 - BIEBER PRIORITY M390,,,142,19,-5.4,54,86,0.2,0.48,30,-4,10,10,19,0.59,0.06,15,0.14,0.03,88,55
PM167,,F81 - N33,F81 - HHOLL N33,,,134,16,-4.7,48,74,0.16,0.27,30,-5,10,9,20,0.42,-0.02,10,0.09,0,92,43
PM168,,F81 - N38,F81 - HHOLL N38,,,145,16,-4.4,55,85,0.19,0.46,29,-3,11,9,20,0.5,0,17,0.12,0,92,53
PM169,,F83 - M501,F83 - BECKTON JET M501 P3,,,127,16,-4.6,57,84,0.17,0.34,29,-3,10,9,20,0.39,0.04,14,-0.02,0,90,37
PM170,,F83 - 4454M,F83 - LSF CJR PRESIDENT 4454M,,,157,14,-4.8,58,85,0.17,0.4,32,0,10,9,23,0.61,0,14,0.09,0,107,50
PM171,,F83 - N295,F83 - WST WINFIELDN295,,,137,16,-4,60,92,0.2,0.49,30,-2,10,9,21,0.34,0.03,23,0.16,0.01,92,45
PM172,,F83 - M390,F83 - BIEBER PRIORITY M390,,,136,18,-4.2,60,92,0.2,0.57,30,-2,10,10,19,0.53,0.05,18,0.15,0.02,89,47
PM173,,F83 - N33,F83 - HHOLL N33,,,128,15,-3.5,55,80,0.16,0.36,29,-3,10,9,20,0.36,-0.03,13,0.1,-0.01,92,35
PM174,,F83 - N38,F83 - HHOLL N38,,,139,14,-3.1,61,92,0.19,0.56,28,-1,10,9,20,0.44,-0.01,20,0.13,-0.01,93,46
PM175,,G07 - M501,HHOLL G07 - BECKTON JET M501 P3,,,136,17,-4.8,49,73,0.15,0.13,20,-7,11,9,20,0.45,0.06,8,-0.06,0.01,97,40
PM176,,G07 - 4454M,HHOLL G07 - LSF CJR PRESIDENT 4454M,,,166,15,-4.8,50,74,0.15,0.19,23,-5,11,9,23,0.67,0.02,8,0.04,0.01,114,53
PM177,,G07 - N295,HHOLL G07 - WST WINFIELDN295,,,147,17,-4.1,52,82,0.19,0.28,21,-6,11,9,21,0.4,0.04,17,0.12,0.02,99,48
PM178,,G07 - M390,HHOLL G07 - BIEBER PRIORITY M390,,,146,19,-4.3,53,81,0.18,0.36,21,-6,11,10,20,0.59,0.07,12,0.11,0.03,95,50
PM179,,G07 - N33,HHOLL G07 - HHOLL N33,,,138,15,-3.6,47,69,0.14,0.15,20,-8,11,9,21,0.42,-0.01,7,0.05,0,99,39
PM180,,G07 - N38,HHOLL G07 - HHOLL N38,,,149,15,-3.2,53,81,0.17,0.35,19,-6,11,9,21,0.5,0,14,0.09,0,100,49
PM181,,G10 - M501,HHOLL G10 - BECKTON JET M501 P3,,,126,17,-5.4,48,74,0.17,0.12,27,-6,11,9,18,0.44,0.05,10,-0.05,0.01,82,45
PM182,,G10 - 4454M,HHOLL G10 - LSF CJR PRESIDENT 4454M,,,156,15,-5.5,49,75,0.17,0.18,30,-3,11,9,22,0.66,0.01,10,0.05,0.01,99,58
PM183,,G10 - N295,HHOLL G10 - WST WINFIELDN295,,,137,17,-4.7,51,83,0.2,0.27,28,-5,10,9,19,0.39,0.04,19,0.12,0.02,84,53
PM184,,G10 - M390,HHOLL G10 - BIEBER PRIORITY M390,,,136,19,-4.9,51,82,0.19,0.35,28,-5,10,10,18,0.58,0.06,14,0.12,0.03,80,55
PM185,,G10 - N33,HHOLL G10 - HHOLL N33,,,128,16,-4.2,46,70,0.15,0.14,27,-6,10,9,19,0.41,-0.01,9,0.06,0,84,43
PM186,,G10 - N38,HHOLL G10 - HHOLL N38,,,138,15,-3.9,52,82,0.19,0.34,26,-4,11,9,19,0.49,0,16,0.1,0,85,54
PM187,,G11 - M501,HHOLL G11 - BECKTON JET M501 P3,,,138,17,-5.6,52,82,0.19,0.37,26,-4,11,10,19,0.5,0.05,12,-0.03,0.01,89,49
PM188,,G11 - 4454M,HHOLL G11 - LSF CJR PRESIDENT 4454M,,,168,15,-5.8,53,83,0.19,0.43,29,-2,11,10,22,0.72,0.01,12,0.08,0.01,106,62
PM189,,G11 - N295,HHOLL G11 - WST WINFIELDN295,,,149,17,-4.9,55,91,0.22,0.51,27,-3,11,10,20,0.44,0.04,21,0.15,0.02,92,57
PM190,,G11 - M390,HHOLL G11 - BIEBER PRIORITY M390,,,148,19,-5.2,55,90,0.22,0.6,27,-3,11,11,19,0.63,0.06,16,0.14,0.03,88,60
PM191,,G11 - N33,HHOLL G11 - HHOLL N33,,,140,16,-4.4,50,78,0.18,0.39,26,-5,11,10,20,0.47,-0.01,11,0.09,0,92,48
PM192,,G11 - N38,HHOLL G11 - HHOLL N38,,,150,15,-4.1,56,90,0.21,0.58,25,-3,11,10,19,0.54,0,18,0.12,0,92,58
PM193,,G22 - M501,HHOLL G22 - BECKTON JET M501 P3,,,137,16,-4.8,57,86,0.19,0.34,29,-4,11,8,20,0.45,0.05,13,0.02,0.01,93,44
PM194,,G22 - 4454M,HHOLL G22 - LSF CJR PRESIDENT 4454M,,,167,14,-4.8,57,87,0.19,0.4,31,-2,11,8,24,0.68,0.01,13,0.12,0.01,110,57
PM195,,G22 - N295,HHOLL G22 - WST WINFIELDN295,,,147,16,-4.1,60,95,0.22,0.48,30,-3,11,8,21,0.4,0.04,22,0.2,0.02,96,52
PM196,,G22 - M390,HHOLL G22 - BIEBER PRIORITY M390,,,147,18,-4.3,60,94,0.21,0.57,29,-3,11,9,20,0.6,0.06,17,0.19,0.03,92,54
PM197,,G22 - N33,HHOLL G22 - HHOLL N33,,,138,15,-3.6,54,82,0.17,0.36,29,-5,10,8,21,0.43,-0.02,12,0.13,0,96,43
PM198,,G22 - N38,HHOLL G22 - HHOLL N38,,,149,14,-3.2,61,94,0.21,0.55,28,-3,11,8,21,0.5,0,19,0.17,0,97,53
PM199,,G25 - M501,HHOLL G25 - BECKTON JET M501 P3,,,140,17,-5.1,56,84,0.17,0.29,27,-6,11,9,21,0.44,0.05,12,0,0.01,101,39
PM200,,G25 - 4454M,HHOLL G25 - LSF CJR PRESIDENT 4454M,,,170,15,-5.2,57,84,0.17,0.35,30,-3,11,9,24,0.66,0.01,12,0.11,0.01,118,53
PM201,,G25 - N295,HHOLL G25 - WST WINFIELDN295,,,151,17,-4.4,59,92,0.2,0.43,28,-4,11,9,22,0.39,0.04,21,0.18,0.02,103,47
PM202,,G25 - M390,HHOLL G25 - BIEBER PRIORITY M390,,,150,19,-4.7,60,91,0.2,0.52,28,-5,11,10,20,0.58,0.06,16,0.17,0.03,100,50
PM203,,G25 - N33,HHOLL G25 - HHOLL N33,,,142,16,-4,54,80,0.16,0.31,27,-6,11,9,21,0.41,-0.02,11,0.12,0,103,38
PM204,,G25 - N38,HHOLL G25 - HHOLL N38,,,152,15,-3.6,61,91,0.19,0.5,26,-4,11,9,21,0.49,0,18,0.15,0,104,48
PM205,,G29 - M501,HHOLL G29 - BECKTON JET M501 P3,,,129,16,-4.8,59,89,0.19,0.38,25,-4,11,9,18,0.47,0.05,15,-0.01,0.01,84,45
PM206,,G29 - 4454M,HHOLL G29 - LSF CJR PRESIDENT 4454M,,,159,14,-4.9,60,90,0.19,0.44,28,-2,11,9,22,0.69,0.01,15,0.09,0.01,101,58
PM207,,G29 - N295,HHOLL G29 - WST WINFIELDN295,,,139,16,-4.1,62,97,0.22,0.52,26,-3,11,9,19,0.42,0.04,23,0.17,0.01,87,53
PM208,,G29 - M390,HHOLL G29 - BIEBER PRIORITY M390,,,139,18,-4.4,62,97,0.22,0.61,26,-3,11,10,18,0.61,0.06,19,0.16,0.03,83,56
PM209,,G29 - N33,HHOLL G29 - HHOLL N33,,,131,15,-3.6,57,85,0.18,0.4,25,-5,10,9,19,0.44,-0.02,13,0.11,0,87,44
PM210,,G29 - N38,HHOLL G29 - HHOLL N38,,,141,14,-3.3,63,96,0.21,0.59,24,-3,11,9,19,0.51,0,21,0.14,0,87,54
PM211,,G34 - M501,HHOLL G34 - BECKTON JET M501 P3,,,137,18,-5.3,51,75,0.15,0.19,24,-7,12,10,21,0.43,0.05,8,-0.05,0.01,100,37
PM212,,G34 - 4454M,HHOLL G34 - LSF CJR PRESIDENT 4454M,,,167,15,-5.4,52,76,0.15,0.25,27,-5,11,10,24,0.65,0.01,8,0.06,0.01,117,50
PM213,,G34 - N295,HHOLL G34 - WST WINFIELDN295,,,147,18,-4.7,54,84,0.19,0.33,25,-6,11,9,21,0.38,0.04,17,0.13,0.02,103,45
PM214,,G34 - M390,HHOLL G34 - BIEBER PRIORITY M390,,,147,19,-4.9,54,83,0.18,0.42,25,-6,11,11,20,0.57,0.06,12,0.12,0.03,99,47
PM215,,G34 - N33,HHOLL G34 - HHOLL N33,,,138,16,-4.2,49,71,0.14,0.21,24,-8,11,9,21,0.4,-0.02,7,0.07,0,103,36
PM216,,G34 - N38,HHOLL G34 - HHOLL N38,,,149,16,-3.8,55,83,0.17,0.4,24,-6,11,9,21,0.48,0,14,0.1,0,104,46
PM217,,G35 - M501,HHOLL G35 - BECKTON JET M501 P3,,,137,17,-4.6,57,83,0.16,0.38,31,-5,11,9,23,0.39,0.04,11,-0.06,0.01,107,30
PM218,,G35 - 4454M,HHOLL G35 - LSF CJR PRESIDENT 4454M,,,167,14,-4.7,58,84,0.16,0.44,34,-2,11,9,26,0.61,0,11,0.04,0,124,43
PM219,,G35 - N295,HHOLL G35 - WST WINFIELDN295,,,147,16,-3.9,60,91,0.2,0.52,32,-3,11,8,23,0.34,0.03,19,0.12,0.01,110,38
PM220,,G35 - M390,HHOLL G35 - BIEBER PRIORITY M390,,,147,18,-4.2,61,91,0.19,0.61,32,-4,11,10,22,0.53,0.05,14,0.11,0.03,106,40
PM221,,G35 - N33,HHOLL G35 - HHOLL N33,,,138,15,-3.4,55,79,0.15,0.4,31,-5,10,8,23,0.36,-0.03,9,0.05,0,110,29
PM222,,G35 - N38,HHOLL G35 - HHOLL N38,,,149,14,-3.1,61,90,0.18,0.59,30,-3,11,8,23,0.44,-0.01,17,0.09,-0.01,110,39
PM223,,G60 - M501,HHOLL G60 - BECKTON JET M501 P3,,,152,18,-6.2,52,82,0.19,0.36,25,-4,12,11,21,0.5,0.06,12,-0.04,0.01,103,49
PM224,,G60 - 4454M,HHOLL G60 - LSF CJR PRESIDENT 4454M,,,182,16,-6.4,53,83,0.19,0.42,28,-2,12,11,24,0.72,0.02,12,0.07,0.01,120,62
PM225,,G60 - N295,HHOLL G60 - WST WINFIELDN295,,,162,18,-5.6,55,91,0.22,0.51,26,-3,12,10,22,0.45,0.05,20,0.15,0.02,105,56
PM226,,G60 - M390,HHOLL G60 - BIEBER PRIORITY M390,,,161,20,-5.8,56,90,0.22,0.59,26,-3,12,12,20,0.64,0.07,16,0.14,0.03,102,59
PM227,,G60 - N33,HHOLL G60 - HHOLL N33,,,153,17,-5.1,50,78,0.18,0.38,25,-5,11,10,21,0.47,-0.01,10,0.08,0,105,47
PM228,,G60 - N38,HHOLL G60 - HHOLL N38,,,164,16,-4.7,56,90,0.21,0.58,25,-3,12,10,21,0.55,0.01,18,0.12,0,106,58
PM229,,G65 - M501,HHOLL G65 - BECKTON JET M501 P3,,,138,16,-4,54,83,0.18,0.2,29,-6,11,9,20,0.44,0.05,11,-0.01,0.01,95,43
PM230,,G65 - 4454M,HHOLL G65 - LSF CJR PRESIDENT 4454M,,,168,14,-4.2,55,84,0.18,0.26,31,-3,11,9,23,0.66,0.01,11,0.09,0.01,112,56
PM231,,G65 - N295,HHOLL G65 - WST WINFIELDN295,,,149,16,-3.4,57,91,0.21,0.34,30,-4,11,9,21,0.39,0.04,20,0.17,0.02,98,51
PM232,,G65 - M390,HHOLL G65 - BIEBER PRIORITY M390,,,148,18,-3.6,58,91,0.2,0.43,30,-4,11,10,20,0.58,0.06,15,0.16,0.03,94,54
PM233,,G65 - N33,HHOLL G65 - HHOLL N33,,,140,15,-2.9,52,79,0.17,0.22,29,-6,10,9,21,0.41,-0.02,10,0.1,0,98,42
PM234,,G65 - N38,HHOLL G65 - HHOLL N38,,,150,14,-2.5,59,90,0.2,0.41,28,-4,11,9,21,0.49,0,17,0.14,0,98,52
PM235,,G09 - M501,HHOLL G09 - BECKTON JET M501 P3,,,140,15,-4.3,58,92,0.21,0.46,25,-3,12,9,19,0.5,0.06,16,0.01,0.01,88,52
PM236,,G09 - 4454M,HHOLL G09 - LSF CJR PRESIDENT 4454M,,,170,13,-4.4,59,93,0.21,0.52,28,-1,12,9,22,0.72,0.02,16,0.11,0.01,105,65
PM237,,G09 - N295,HHOLL G09 - WST WINFIELDN295,,,150,15,-3.6,61,100,0.25,0.61,26,-2,11,8,20,0.45,0.05,24,0.19,0.02,90,60
PM238,,G09 - M390,HHOLL G09 - BIEBER PRIORITY M390,,,149,17,-3.9,61,100,0.24,0.69,26,-2,12,10,19,0.64,0.07,19,0.17,0.03,87,62
PM239,,G09 - N33,HHOLL G09 - HHOLL N33,,,141,14,-3.1,56,88,0.2,0.48,25,-4,11,9,20,0.47,-0.01,14,0.12,0,91,51
PM240,,G09 - N38,HHOLL G09 - HHOLL N38,,,152,13,-2.8,62,99,0.23,0.68,24,-2,12,9,19,0.55,0.01,22,0.16,0,91,61
PM241,,H37 - M501,HHOLL H37 - BECKTON JET M501 P3,,,142,16,-4.6,57,90,0.21,0.44,22,-4,11,9,19,0.5,0.05,16,0.02,0.01,91,51
PM242,,H37 - 4454M,HHOLL H37 - LSF CJR PRESIDENT 4454M,,,172,14,-4.7,58,91,0.21,0.5,25,-2,11,9,22,0.72,0.01,16,0.12,0.01,107,64
PM243,,H37 - N295,HHOLL H37 - WST WINFIELDN295,,,152,16,-3.9,60,99,0.24,0.58,23,-3,11,9,20,0.44,0.04,24,0.2,0.02,93,59
PM244,,H37 - M390,HHOLL H37 - BIEBER PRIORITY M390,,,151,18,-4.2,61,98,0.23,0.67,23,-3,11,10,19,0.63,0.06,19,0.19,0.03,89,62
PM245,,H37 - N33,HHOLL H37 - HHOLL N33,,,143,14,-3.4,55,86,0.19,0.46,22,-5,11,9,20,0.47,-0.02,14,0.14,0,93,50
PM246,,H37 - N38,HHOLL H37 - HHOLL N38,,,154,14,-3.1,62,98,0.23,0.65,21,-3,11,9,20,0.54,0,22,0.17,0,94,60
PM247,,H11 - M501,HHOLL H11 - BECKTON JET M501 P3,,,137,19,-6.2,44,65,0.13,0.07,23,-8,11,11,20,0.45,0.06,5,-0.11,0.01,99,38
PM248,,H11 - 4454M,HHOLL H11 - LSF CJR PRESIDENT 4454M,,,167,16,-6.3,44,66,0.13,0.13,25,-5,11,11,23,0.67,0.02,5,0,0.01,115,51
PM249,,H11 - N295,HHOLL H11 - WST WINFIELDN295,,,147,19,-5.5,46,73,0.17,0.22,24,-7,11,10,21,0.4,0.05,14,0.08,0.02,101,46
PM250,,H11 - M390,HHOLL H11 - BIEBER PRIORITY M390,,,146,20,-5.8,47,73,0.16,0.3,23,-7,11,12,20,0.59,0.07,9,0.06,0.03,97,49
PM251,,H11 - N33,HHOLL H11 - HHOLL N33,,,138,17,-5,41,61,0.12,0.09,23,-8,11,10,21,0.42,-0.01,4,0.01,0,101,37
PM252,,H11 - N38,HHOLL H11 - HHOLL N38,,,149,17,-4.7,48,73,0.16,0.29,22,-6,11,10,21,0.5,0.01,11,0.05,0,102,47
PM253,,H86 - M501,HHOLL H86 - BECKTON JET M501 P3,,,136,17,-3.8,57,84,0.17,0.29,25,-6,11,9,20,0.44,0.05,10,-0.03,0.01,100,37
PM254,,H86 - 4454M,HHOLL H86 - LSF CJR PRESIDENT 4454M,,,166,14,-4,57,85,0.17,0.35,27,-4,11,9,23,0.66,0.01,10,0.08,0.01,117,50
PM255,,H86 - N295,HHOLL H86 - WST WINFIELDN295,,,147,16,-3.2,60,92,0.2,0.43,26,-5,11,9,21,0.38,0.04,19,0.15,0.02,102,44
PM256,,H86 - M390,HHOLL H86 - BIEBER PRIORITY M390,,,146,18,-3.4,60,92,0.2,0.52,25,-5,11,10,20,0.57,0.06,14,0.14,0.03,99,47
PM257,,H86 - N33,HHOLL H86 - HHOLL N33,,,138,15,-2.7,54,80,0.16,0.31,25,-7,11,9,21,0.41,-0.02,9,0.09,0,102,35
PM258,,H86 - N38,HHOLL H86 - HHOLL N38,,,149,14,-2.3,61,91,0.19,0.5,24,-5,11,9,21,0.48,0,16,0.12,0,103,46
PM259,,H50 - M501,HHOLL H50 - BECKTON JET M501 P3,,,131,15,-3.8,58,88,0.19,0.36,30,-5,11,8,19,0.46,0.05,15,0.03,0.01,85,46
PM260,,H50 - 4454M,HHOLL H50 - LSF CJR PRESIDENT 4454M,,,161,13,-3.9,58,89,0.19,0.42,32,-2,11,8,22,0.68,0.01,15,0.14,0.01,102,59
PM261,,H50 - N295,HHOLL H50 - WST WINFIELDN295,,,141,15,-3.1,61,97,0.23,0.5,31,-4,11,8,20,0.41,0.04,23,0.21,0.02,88,54
PM262,,H50 - M390,HHOLL H50 - BIEBER PRIORITY M390,,,141,17,-3.4,61,96,0.22,0.59,30,-4,11,9,19,0.6,0.06,18,0.2,0.03,84,57
PM263,,H50 - N33,HHOLL H50 - HHOLL N33,,,133,14,-2.6,55,84,0.18,0.38,30,-5,11,8,19,0.43,-0.02,13,0.15,0,88,45
PM264,,H50 - N38,HHOLL H50 - HHOLL N38,,,143,13,-2.3,62,96,0.21,0.57,29,-3,11,8,19,0.5,0,21,0.18,0,88,55
PM265,,H62 - M501,HHOLL H62 - BECKTON JET M501 P3,,,139,16,-3.8,59,93,0.21,0.48,26,-3,12,9,19,0.5,0.05,14,0.01,0.01,90,49
PM266,,H62 - 4454M,HHOLL H62 - LSF CJR PRESIDENT 4454M,,,169,13,-4,60,94,0.21,0.54,28,0,11,9,22,0.72,0.01,14,0.11,0.01,107,62
PM267,,H62 - N295,HHOLL H62 - WST WINFIELDN295,,,149,15,-3.2,62,101,0.24,0.63,27,-2,11,9,20,0.44,0.04,23,0.19,0.02,93,57
PM268,,H62 - M390,HHOLL H62 - BIEBER PRIORITY M390,,,148,17,-3.4,63,101,0.24,0.71,26,-2,11,10,19,0.63,0.06,18,0.17,0.03,89,59
PM269,,H62 - N33,HHOLL H62 - HHOLL N33,,,140,14,-2.7,57,89,0.2,0.5,26,-3,11,9,20,0.47,-0.01,13,0.12,0,93,48
PM270,,H62 - N38,HHOLL H62 - HHOLL N38,,,151,13,-2.3,63,100,0.23,0.7,25,-1,11,9,20,0.54,0,20,0.16,0,93,58
PM271,,H26 - M501,HHOLL H26 - BECKTON JET M501 P3,,,139,17,-5.1,55,81,0.16,0.32,27,-5,11,10,21,0.44,0.05,10,-0.03,0.01,102,37
PM272,,H26 - 4454M,HHOLL H26 - LSF CJR PRESIDENT 4454M,,,169,15,-5.2,55,82,0.17,0.38,30,-2,11,10,24,0.66,0.01,10,0.08,0.01,119,50
PM273,,H26 - N295,HHOLL H26 - WST WINFIELDN295,,,149,17,-4.4,57,89,0.2,0.47,28,-3,11,9,22,0.39,0.04,19,0.15,0.02,105,45
PM274,,H26 - M390,HHOLL H26 - BIEBER PRIORITY M390,,,149,19,-4.7,58,89,0.19,0.55,28,-4,11,11,21,0.58,0.06,14,0.14,0.03,101,48
PM275,,H26 - N33,HHOLL H26 - HHOLL N33,,,140,16,-4,52,77,0.15,0.34,27,-5,11,9,22,0.41,-0.02,9,0.09,0,105,36
PM276,,H26 - N38,HHOLL H26 - HHOLL N38,,,151,15,-3.6,59,88,0.19,0.54,27,-3,11,9,22,0.49,0,16,0.12,0,105,46
PM277,,H15 - M501,HHOLL H15 - BECKTON JET M501 P3,,,127,16,-4.6,57,86,0.18,0.33,22,-6,11,9,18,0.47,0.05,12,-0.05,0.01,85,42
PM278,,H15 - 4454M,HHOLL H15 - LSF CJR PRESIDENT 4454M,,,157,14,-4.7,58,87,0.18,0.39,25,-4,11,9,22,0.69,0.01,12,0.05,0.01,102,55
PM279,,H15 - N295,HHOLL H15 - WST WINFIELDN295,,,137,16,-3.9,60,94,0.22,0.48,23,-5,11,8,19,0.41,0.04,20,0.12,0.01,87,50
PM280,,H15 - M390,HHOLL H15 - BIEBER PRIORITY M390,,,137,18,-4.2,60,94,0.21,0.56,23,-5,11,10,18,0.61,0.06,16,0.12,0.03,84,53
PM281,,H15 - N33,HHOLL H15 - HHOLL N33,,,128,15,-3.4,55,82,0.17,0.35,22,-7,11,8,19,0.44,-0.02,10,0.06,0,87,41
PM282,,H15 - N38,HHOLL H15 - HHOLL N38,,,139,14,-3.1,61,93,0.2,0.55,21,-5,11,9,19,0.51,0,18,0.1,0,88,51
PM283,,H61 - M501,HHOLL H61 - BECKTON JET M501 P3,,,137,19,-6.3,49,73,0.15,0.2,25,-6,11,11,20,0.44,0.05,8,-0.06,0.01,99,38
PM284,,H61 - 4454M,HHOLL H61 - LSF CJR PRESIDENT 4454M,,,167,17,-6.4,50,74,0.15,0.26,28,-3,11,11,23,0.66,0.01,8,0.04,0.01,116,51
PM285,,H61 - N295,HHOLL H61 - WST WINFIELDN295,,,147,19,-5.7,52,82,0.19,0.34,26,-5,11,11,21,0.38,0.04,17,0.12,0.02,102,45
PM286,,H61 - M390,HHOLL H61 - BIEBER PRIORITY M390,,,146,21,-5.9,53,81,0.18,0.43,26,-5,11,12,20,0.57,0.06,12,0.11,0.03,98,48
PM287,,H61 - N33,HHOLL H61 - HHOLL N33,,,138,17,-5.2,47,69,0.14,0.22,25,-6,10,11,21,0.41,-0.01,7,0.05,0,102,36
PM288,,H61 - N38,HHOLL H61 - HHOLL N38,,,149,17,-4.8,53,81,0.17,0.41,25,-4,11,11,21,0.48,0,14,0.09,0,102,47
PM289,,H44 - M501,HHOLL H44 - BECKTON JET M501 P3,,,138,18,-5.4,50,75,0.16,0.21,24,-5,11,10,21,0.44,0.05,8,-0.06,0.01,100,38
PM290,,H44 - 4454M,HHOLL H44 - LSF CJR PRESIDENT 4454M,,,168,15,-5.6,50,75,0.16,0.27,27,-3,11,10,24,0.66,0.01,8,0.04,0.01,116,51
PM291,,H44 - N295,HHOLL H44 - WST WINFIELDN295,,,148,18,-4.8,52,83,0.19,0.36,25,-4,11,10,21,0.39,0.04,17,0.12,0.02,102,46
PM292,,H44 - M390,HHOLL H44 - BIEBER PRIORITY M390,,,147,19,-5,53,82,0.18,0.44,25,-4,11,11,20,0.58,0.06,12,0.11,0.03,98,49
PM293,,H44 - N33,HHOLL H44 - HHOLL N33,,,139,16,-4.2,47,70,0.14,0.23,24,-6,11,10,21,0.41,-0.01,7,0.05,0,102,37
PM294,,H44 - N38,HHOLL H44 - HHOLL N38,,,150,16,-3.9,54,82,0.18,0.43,23,-4,11,10,21,0.49,0,14,0.09,0,103,47
PM295,,H59 - M501,HHOLL H59 - BECKTON JET M501 P3,,,134,15,-3.9,58,89,0.19,0.34,21,-4,11,9,20,0.46,0.05,13,-0.03,0.01,91,43
PM296,,H59 - 4454M,HHOLL H59 - LSF CJR PRESIDENT 4454M,,,164,13,-4.1,59,89,0.19,0.4,24,-2,11,9,23,0.68,0.01,13,0.08,0,107,57
PM297,,H59 - N295,HHOLL H59 - WST WINFIELDN295,,,144,15,-3.2,61,97,0.22,0.48,22,-3,11,9,20,0.41,0.03,22,0.15,0.01,93,51
PM298,,H59 - M390,HHOLL H59 - BIEBER PRIORITY M390,,,143,17,-3.5,62,96,0.22,0.57,22,-3,11,10,19,0.6,0.06,17,0.14,0.03,89,54
PM299,,H59 - N33,HHOLL H59 - HHOLL N33,,,135,14,-2.8,56,85,0.18,0.36,21,-5,10,9,20,0.43,-0.02,12,0.09,0,93,42
PM300,,H59 - N38,HHOLL H59 - HHOLL N38,,,146,13,-2.4,63,96,0.21,0.55,20,-3,11,9,20,0.5,0,19,0.12,0,94,52
PM301,,H31 - M501,HHOLL H31 - BECKTON JET M501 P3,,,133,17,-4.8,53,79,0.17,0.22,23,-6,11,10,20,0.46,0.06,8,-0.05,0.02,94,39
PM302,,H31 - 4454M,HHOLL H31 - LSF CJR PRESIDENT 4454M,,,163,15,-4.9,53,80,0.17,0.28,26,-3,11,10,23,0.68,0.02,8,0.05,0.02,111,52
PM303,,H31 - N295,HHOLL H31 - WST WINFIELDN295,,,143,17,-4.1,56,88,0.2,0.37,24,-5,11,9,21,0.41,0.05,17,0.12,0.02,96,47
PM304,,H31 - M390,HHOLL H31 - BIEBER PRIORITY M390,,,142,19,-4.4,56,87,0.19,0.45,24,-5,11,11,19,0.6,0.07,12,0.12,0.04,93,50
PM305,,H31 - N33,HHOLL H31 - HHOLL N33,,,134,16,-3.6,50,75,0.16,0.24,23,-6,11,9,20,0.43,-0.01,7,0.06,0.01,97,38
PM306,,H31 - N38,HHOLL H31 - HHOLL N38,,,145,15,-3.3,57,87,0.19,0.44,22,-4,11,9,20,0.5,0.01,14,0.1,0.01,97,48
PM307,,H70 - M501,HHOLL H70 - BECKTON JET M501 P3,,,134,17,-5,52,78,0.16,0.24,25,-5,11,10,21,0.42,0.05,9,-0.08,0.01,98,36
PM308,,H70 - 4454M,HHOLL H70 - LSF CJR PRESIDENT 4454M,,,164,15,-5.1,53,79,0.16,0.3,28,-2,11,10,24,0.64,0.01,9,0.03,0.01,115,49
PM309,,H70 - N295,HHOLL H70 - WST WINFIELDN295,,,145,17,-4.3,55,86,0.2,0.39,26,-4,10,9,22,0.37,0.04,18,0.1,0.01,101,44
PM310,,H70 - M390,HHOLL H70 - BIEBER PRIORITY M390,,,144,19,-4.6,55,86,0.19,0.47,26,-4,11,11,20,0.56,0.06,13,0.09,0.03,97,47
PM311,,H70 - N33,HHOLL H70 - HHOLL N33,,,136,15,-3.8,50,74,0.15,0.26,25,-5,10,10,21,0.39,-0.02,8,0.04,0,101,35
PM312,,H70 - N38,HHOLL H70 - HHOLL N38,,,147,15,-3.5,56,85,0.18,0.46,24,-3,11,10,21,0.47,0,15,0.07,0,101,45
PM313,,H42 - M501,HHOLL H42 - BECKTON JET M501 P3,,,132,17,-5.3,59,88,0.18,0.42,28,-6,11,9,19,0.55,0.05,11,-0.04,0.01,87,45
PM314,,H42 - 4454M,HHOLL H42 - LSF CJR PRESIDENT 4454M,,,162,15,-5.4,60,89,0.18,0.48,31,-3,11,9,22,0.77,0.01,11,0.07,0.01,104,58
PM315,,H42 - N295,HHOLL H42 - WST WINFIELDN295,,,143,17,-4.7,62,97,0.22,0.56,29,-4,11,9,20,0.5,0.04,19,0.15,0.02,90,53
PM316,,H42 - M390,HHOLL H42 - BIEBER PRIORITY M390,,,142,19,-4.9,62,96,0.21,0.65,29,-4,11,10,18,0.69,0.06,14,0.14,0.03,86,56
PM317,,H42 - N33,HHOLL H42 - HHOLL N33,,,134,15,-4.2,57,84,0.17,0.44,28,-6,10,9,19,0.52,-0.02,9,0.08,0,90,44
PM318,,H42 - N38,HHOLL H42 - HHOLL N38,,,144,15,-3.8,63,96,0.2,0.63,27,-4,11,9,19,0.6,0,17,0.12,0,90,54
PM319,,J76 - M501,HHOLL J76 - BECKTON JET M501 P3,,,135,16,-4.2,52,80,0.17,0.22,28,-6,12,9,17,0.57,0.07,16,-0.05,0.01,77,58
PM320,,J76 - 4454M,HHOLL J76 - LSF CJR PRESIDENT 4454M,,,165,13,-4.3,53,81,0.17,0.28,31,-3,12,9,20,0.8,0.03,16,0.05,0.01,94,71
PM321,,J76 - N295,HHOLL J76 - WST WINFIELDN295,,,145,16,-3.5,55,88,0.21,0.37,29,-5,11,9,18,0.52,0.06,24,0.12,0.01,80,66
PM322,,J76 - M390,HHOLL J76 - BIEBER PRIORITY M390,,,145,17,-3.8,56,88,0.2,0.45,29,-5,12,10,17,0.72,0.08,20,0.12,0.03,76,69
PM323,,J76 - N33,HHOLL J76 - HHOLL N33,,,137,14,-3,50,76,0.16,0.24,28,-6,11,9,17,0.54,0,15,0.06,0,80,57
PM324,,J76 - N38,HHOLL J76 - HHOLL N38,,,147,14,-2.7,56,87,0.19,0.44,27,-4,12,9,17,0.62,0.02,22,0.1,0,80,67
PM325,,J33 - M501,HHOLL J33 - BECKTON JET M501 P3,,,126,17,-4.9,55,82,0.17,0.32,30,-6,11,9,19,0.51,0.05,9,-0.05,0.01,84,42
PM326,,J33 - 4454M,HHOLL J33 - LSF CJR PRESIDENT 4454M,,,156,14,-5,56,83,0.17,0.38,33,-3,10,9,22,0.73,0.01,9,0.05,0.01,101,55
PM327,,J33 - N295,HHOLL J33 - WST WINFIELDN295,,,136,16,-4.2,58,90,0.2,0.47,31,-5,10,8,19,0.46,0.03,18,0.12,0.01,87,50
PM328,,J33 - M390,HHOLL J33 - BIEBER PRIORITY M390,,,135,18,-4.4,58,90,0.19,0.55,31,-5,10,10,18,0.65,0.06,13,0.12,0.03,83,52
PM329,,J33 - N33,HHOLL J33 - HHOLL N33,,,127,15,-3.7,53,78,0.16,0.34,30,-7,10,8,19,0.48,-0.02,8,0.06,0,87,40
PM330,,J33 - N38,HHOLL J33 - HHOLL N38,,,138,14,-3.4,59,89,0.19,0.54,29,-5,10,9,19,0.56,0,15,0.1,0,87,51
PM331,,J03 - M501,HHOLL J03 - BECKTON JET M501 P3,,,130,17,-5.3,54,79,0.16,0.26,27,-7,11,9,19,0.52,0.05,8,-0.07,0.01,87,42
PM332,,J03 - 4454M,HHOLL J03 - LSF CJR PRESIDENT 4454M,,,160,15,-5.4,54,80,0.16,0.32,30,-4,11,9,22,0.75,0.01,8,0.04,0.01,104,56
PM333,,J03 - N295,HHOLL J03 - WST WINFIELDN295,,,140,17,-4.7,56,88,0.2,0.4,28,-6,11,9,20,0.47,0.04,16,0.11,0.02,89,50
PM334,,J03 - M390,HHOLL J03 - BIEBER PRIORITY M390,,,139,19,-4.9,57,87,0.19,0.49,28,-6,11,10,19,0.67,0.06,12,0.1,0.03,86,53
PM335,,J03 - N33,HHOLL J03 - HHOLL N33,,,131,15,-4.2,51,75,0.15,0.28,27,-7,10,9,19,0.5,-0.02,6,0.05,0,90,41
PM336,,J03 - N38,HHOLL J03 - HHOLL N38,,,142,15,-3.8,58,87,0.18,0.47,26,-5,11,9,19,0.57,0,14,0.08,0,90,51
PM337,,J45 - M501,HHOLL J45 - BECKTON JET M501 P3,,,135,15,-3.6,61,92,0.19,0.51,31,-4,11,8,18,0.57,0,19,0.19,0.01,78,57
PM338,,J45 - 4454M,HHOLL J45 - LSF CJR PRESIDENT 4454M,,,165,13,-3.8,62,93,0.19,0.57,34,-1,11,8,21,0.8,-0.04,19,0.3,0,95,70
PM339,,J45 - N295,HHOLL J45 - WST WINFIELDN295,,,146,15,-3,64,100,0.23,0.65,32,-2,11,7,19,0.52,-0.01,27,0.37,0.01,81,65
PM340,,J45 - M390,HHOLL J45 - BIEBER PRIORITY M390,,,145,17,-3.2,64,100,0.22,0.74,32,-3,11,9,18,0.72,0.01,22,0.36,0.03,77,68
PM341,,J45 - N33,HHOLL J45 - HHOLL N33,,,137,13,-2.5,59,88,0.18,0.53,31,-4,11,7,19,0.54,-0.07,17,0.31,0,81,56
PM342,,J45 - N38,HHOLL J45 - HHOLL N38,,,147,13,-2.1,65,99,0.22,0.72,30,-2,11,8,18,0.62,-0.05,25,0.34,0,81,66
PM343,,J62 - M501,HHOLL J62 - BECKTON JET M501 P3,,,129,17,-5,59,89,0.19,0.42,24,-6,11,9,18,0.47,0.05,14,-0.02,0.01,86,42
PM344,,J62 - 4454M,HHOLL J62 - LSF CJR PRESIDENT 4454M,,,159,15,-5.1,60,90,0.19,0.48,27,-3,11,9,21,0.69,0.01,14,0.08,0.01,103,55
PM345,,J62 - N295,HHOLL J62 - WST WINFIELDN295,,,139,17,-4.3,62,97,0.22,0.56,25,-4,11,9,19,0.41,0.04,22,0.16,0.01,89,50
PM346,,J62 - M390,HHOLL J62 - BIEBER PRIORITY M390,,,138,19,-4.6,63,97,0.21,0.65,25,-5,11,10,18,0.61,0.06,17,0.14,0.03,85,53
PM347,,J62 - N33,HHOLL J62 - HHOLL N33,,,130,15,-3.8,57,85,0.17,0.44,24,-6,11,9,19,0.44,-0.02,12,0.09,0,89,41
PM348,,J62 - N38,HHOLL J62 - HHOLL N38,,,141,15,-3.5,63,96,0.21,0.63,24,-4,11,9,19,0.51,0,20,0.12,0,89,51
PM349,,J51 - M501,HHOLL J51 - BECKTON JET M501 P3,,,146,17,-5.2,54,86,0.2,0.41,27,-6,12,9,20,0.49,0.05,13,-0.01,0.01,98,48
PM350,,J51 - 4454M,HHOLL J51 - LSF CJR PRESIDENT 4454M,,,176,15,-5.3,55,87,0.2,0.47,30,-3,12,9,23,0.71,0.01,13,0.09,0.01,115,62
PM351,,J51 - N295,HHOLL J51 - WST WINFIELDN295,,,157,17,-4.5,57,94,0.23,0.55,28,-4,12,9,21,0.44,0.04,21,0.17,0.02,100,56
PM352,,J51 - M390,HHOLL J51 - BIEBER PRIORITY M390,,,156,19,-4.8,58,94,0.22,0.64,28,-5,12,10,20,0.63,0.06,17,0.16,0.03,97,59
PM353,,J51 - N33,HHOLL J51 - HHOLL N33,,,148,15,-4,52,82,0.18,0.43,27,-6,11,9,21,0.46,-0.02,11,0.11,0,101,47
PM354,,J51 - N38,HHOLL J51 - HHOLL N38,,,158,15,-3.7,58,93,0.22,0.62,26,-4,12,9,20,0.54,0,19,0.14,0,101,57
PM355,,J10 - M501,HHOLL J10 - BECKTON JET M501 P3,,,124,18,-5.9,51,78,0.17,0.24,27,-5,11,8,19,0.45,0.05,10,-0.04,0.01,82,42
PM356,,J10 - 4454M,HHOLL J10 - LSF CJR PRESIDENT 4454M,,,154,15,-6.1,52,79,0.17,0.3,29,-2,11,8,22,0.67,0.01,10,0.06,0.01,99,55
PM357,,J10 - N295,HHOLL J10 - WST WINFIELDN295,,,134,17,-5.2,54,87,0.2,0.38,28,-4,11,8,20,0.4,0.04,19,0.14,0.02,84,50
PM358,,J10 - M390,HHOLL J10 - BIEBER PRIORITY M390,,,134,19,-5.5,55,86,0.2,0.47,28,-4,11,9,19,0.59,0.06,14,0.12,0.03,81,53
PM359,,J10 - N33,HHOLL J10 - HHOLL N33,,,125,16,-4.8,49,74,0.16,0.26,27,-5,10,8,19,0.42,-0.01,9,0.07,0,84,41
PM360,,J10 - N38,HHOLL J10 - HHOLL N38,,,136,15,-4.4,55,86,0.19,0.45,26,-3,11,8,19,0.5,0,16,0.11,0,85,51
PM361,,J40 - M501,HHOLL J40 - BECKTON JET M501 P3,,,138,16,-4.8,53,81,0.18,0.25,28,-6,11,8,18,0.57,0,12,0.1,0.01,81,57
PM362,,J40 - 4454M,HHOLL J40 - LSF CJR PRESIDENT 4454M,,,168,14,-4.8,54,82,0.18,0.31,30,-3,10,8,21,0.79,-0.04,12,0.2,0,98,70
PM363,,J40 - N295,HHOLL J40 - WST WINFIELDN295,,,148,16,-4.1,56,90,0.21,0.39,29,-5,10,8,19,0.52,-0.01,21,0.28,0.01,83,65
PM364,,J40 - M390,HHOLL J40 - BIEBER PRIORITY M390,,,147,18,-4.3,56,89,0.21,0.48,29,-5,10,9,18,0.71,0.01,16,0.27,0.03,80,68
PM365,,J40 - N33,HHOLL J40 - HHOLL N33,,,139,14,-3.6,51,77,0.17,0.27,28,-6,10,8,19,0.54,-0.07,11,0.22,0,83,56
PM366,,J40 - N38,HHOLL J40 - HHOLL N38,,,150,14,-3.2,57,89,0.2,0.46,27,-4,11,8,19,0.62,-0.05,18,0.25,-0.01,84,66
PM367,,J65 - M501,HHOLL J65 - BECKTON JET M501 P3,,,139,16,-4.5,62,94,0.2,0.56,32,-1,11,9,19,0.57,-0.01,20,0.21,0.01,81,58
PM368,,J65 - 4454M,HHOLL J65 - LSF CJR PRESIDENT 4454M,,,169,14,-4.6,63,95,0.2,0.62,34,1,10,9,22,0.79,-0.05,20,0.31,0,98,71
PM369,,J65 - N295,HHOLL J65 - WST WINFIELDN295,,,149,16,-3.8,65,102,0.23,0.7,33,0,10,8,19,0.52,-0.02,29,0.39,0.01,84,66
PM370,,J65 - M390,HHOLL J65 - BIEBER PRIORITY M390,,,149,18,-4.1,65,102,0.23,0.79,32,0,10,10,18,0.71,0.01,24,0.38,0.03,80,69
PM371,,J65 - N33,HHOLL J65 - HHOLL N33,,,141,14,-3.3,60,90,0.19,0.58,32,-2,10,8,19,0.54,-0.07,19,0.33,0,84,57
PM372,,J65 - N38,HHOLL J65 - HHOLL N38,,,151,14,-3,66,101,0.22,0.77,31,0,11,8,19,0.62,-0.06,26,0.36,-0.01,84,67
PM373,,J27 - M501,HHOLL J27 - BECKTON JET M501 P3,,,139,16,-4.2,54,83,0.18,0.36,30,-1,11,9,19,0.57,0,13,0.11,0.01,83,56
PM374,,J27 - 4454M,HHOLL J27 - LSF CJR PRESIDENT 4454M,,,169,13,-4.2,55,84,0.18,0.42,33,1,11,9,22,0.8,-0.04,13,0.21,0,100,69
PM375,,J27 - N295,HHOLL J27 - WST WINFIELDN295,,,149,15,-3.5,57,91,0.22,0.51,31,0,10,9,20,0.52,-0.01,21,0.29,0.01,85,64
PM376,,J27 - M390,HHOLL J27 - BIEBER PRIORITY M390,,,148,17,-3.7,57,91,0.21,0.59,31,0,10,10,19,0.72,0.01,17,0.28,0.03,82,67
PM377,,J27 - N33,HHOLL J27 - HHOLL N33,,,140,14,-3,51,79,0.17,0.38,30,-2,10,9,20,0.54,-0.07,11,0.22,0,85,55
PM378,,J27 - N38,HHOLL J27 - HHOLL N38,,,151,13,-2.6,58,90,0.2,0.58,30,0,11,9,19,0.62,-0.05,19,0.25,0,86,65
PM379,,J61 - M501,HHOLL J61 - BECKTON JET M501 P3,,,133,16,-4.9,52,80,0.17,0.31,28,-5,11,9,17,0.57,0,14,0.11,0.01,76,57
PM380,,J61 - 4454M,HHOLL J61 - LSF CJR PRESIDENT 4454M,,,163,14,-5,53,81,0.17,0.37,30,-2,11,9,20,0.79,-0.04,14,0.22,0,93,70
PM381,,J61 - N295,HHOLL J61 - WST WINFIELDN295,,,143,16,-4.2,55,88,0.21,0.46,29,-4,10,9,18,0.52,-0.01,22,0.3,0.01,78,65
PM382,,J61 - M390,HHOLL J61 - BIEBER PRIORITY M390,,,142,18,-4.4,56,88,0.2,0.54,28,-4,11,10,17,0.71,0.01,18,0.28,0.03,75,67
PM383,,J61 - N33,HHOLL J61 - HHOLL N33,,,134,15,-3.7,50,76,0.16,0.33,28,-5,10,9,18,0.54,-0.07,13,0.23,0,78,56
PM384,,J61 - N38,HHOLL J61 - HHOLL N38,,,145,14,-3.4,56,87,0.19,0.53,27,-3,11,9,18,0.62,-0.05,20,0.26,-0.01,79,66
PM385,,J05 - M501,HHOLL J05 - BECKTON JET M501 P3,,,141,16,-4.3,64,97,0.21,0.56,29,-5,11,9,19,0.56,0.05,14,0.03,0.02,92,49
PM386,,J05 - 4454M,HHOLL J05 - LSF CJR PRESIDENT 4454M,,,171,14,-4.4,64,98,0.21,0.62,32,-2,11,9,22,0.79,0.01,14,0.13,0.01,109,62
PM387,,J05 - N295,HHOLL J05 - WST WINFIELDN295,,,151,16,-3.6,67,106,0.24,0.71,30,-4,11,9,20,0.51,0.04,23,0.21,0.02,94,57
PM388,,J05 - M390,HHOLL J05 - BIEBER PRIORITY M390,,,150,18,-3.9,67,105,0.24,0.79,30,-4,11,10,19,0.71,0.06,18,0.19,0.04,91,60
PM389,,J05 - N33,HHOLL J05 - HHOLL N33,,,142,15,-3.1,61,93,0.2,0.58,29,-5,11,9,19,0.53,-0.01,13,0.14,0.01,94,48
PM390,,J05 - N38,HHOLL J05 - HHOLL N38,,,153,14,-2.8,68,105,0.23,0.78,28,-3,11,9,19,0.61,0,20,0.18,0,95,58
PM391,,J04 - M501,HHOLL J04 - BECKTON JET M501 P3,,,125,17,-5.6,50,75,0.16,0.18,24,-7,11,9,18,0.56,0.03,6,-0.06,0.01,79,47
PM392,,J04 - 4454M,HHOLL J04 - LSF CJR PRESIDENT 4454M,,,155,15,-5.8,51,76,0.16,0.24,27,-4,11,9,21,0.79,-0.01,6,0.04,0.01,95,60
PM393,,J04 - N295,HHOLL J04 - WST WINFIELDN295,,,136,17,-4.9,53,83,0.19,0.33,25,-6,11,8,18,0.51,0.02,14,0.12,0.01,81,55
PM394,,J04 - M390,HHOLL J04 - BIEBER PRIORITY M390,,,135,19,-5.2,53,83,0.18,0.41,25,-6,11,10,17,0.71,0.04,10,0.11,0.03,77,57
PM395,,J04 - N33,HHOLL J04 - HHOLL N33,,,127,16,-4.4,48,71,0.14,0.2,24,-7,11,8,18,0.53,-0.04,4,0.05,0,81,46
PM396,,J04 - N38,HHOLL J04 - HHOLL N38,,,137,15,-4.1,54,82,0.18,0.4,24,-5,11,9,18,0.61,-0.02,12,0.09,0,82,56
PM397,,J80 - M501,HHOLL J80 - BECKTON JET M501 P3,,,127,17,-5.3,56,83,0.17,0.34,26,-7,11,9,18,0.56,0.03,9,-0.02,0.01,82,46
PM398,,J80 - 4454M,HHOLL J80 - LSF CJR PRESIDENT 4454M,,,157,15,-5.4,57,84,0.17,0.4,29,-4,11,9,21,0.78,-0.01,9,0.09,0,99,59
PM399,,J80 - N295,HHOLL J80 - WST WINFIELDN295,,,138,17,-4.6,59,91,0.2,0.49,27,-6,11,9,19,0.5,0.01,17,0.16,0.01,84,53
PM400,,J80 - M390,HHOLL J80 - BIEBER PRIORITY M390,,,137,19,-4.9,59,91,0.2,0.57,27,-6,11,10,17,0.69,0.04,13,0.15,0.03,81,56
PM401,,J80 - N33,HHOLL J80 - HHOLL N33,,,129,16,-4.1,54,79,0.16,0.36,26,-7,11,9,18,0.52,-0.04,7,0.1,0,84,44
PM402,,J80 - N38,HHOLL J80 - HHOLL N38,,,140,15,-3.8,60,91,0.19,0.56,26,-5,11,9,18,0.6,-0.03,15,0.13,0,85,55
PM403,,J46 - M501,HHOLL J46 - BECKTON JET M501 P3,,,129,16,-5.1,59,91,0.2,0.49,26,-5,12,9,17,0.59,0.03,12,0.01,0.01,77,52
PM404,,J46 - 4454M,HHOLL J46 - LSF CJR PRESIDENT 4454M,,,159,14,-5.2,60,92,0.2,0.55,29,-2,11,9,20,0.81,-0.01,12,0.12,0,94,66
PM405,,J46 - N295,HHOLL J46 - WST WINFIELDN295,,,139,16,-4.4,62,99,0.23,0.63,27,-4,11,8,18,0.54,0.02,21,0.19,0.01,79,60
PM406,,J46 - M390,HHOLL J46 - BIEBER PRIORITY M390,,,139,18,-4.6,63,99,0.23,0.72,27,-4,11,10,17,0.73,0.04,16,0.18,0.03,75,63
PM407,,J46 - N33,HHOLL J46 - HHOLL N33,,,131,15,-3.9,57,87,0.19,0.51,27,-5,11,8,18,0.56,-0.04,11,0.13,0,79,51
PM408,,J46 - N38,HHOLL J46 - HHOLL N38,,,141,14,-3.5,63,98,0.22,0.7,26,-3,12,8,17,0.63,-0.02,18,0.16,0,80,61
PM409,,J41 - M501,HHOLL J41 - BECKTON JET M501 P3,,,126,17,-5.7,55,84,0.18,0.41,26,-6,11,9,17,0.59,0.03,10,-0.02,0.01,75,51
PM410,,J41 - 4454M,HHOLL J41 - LSF CJR PRESIDENT 4454M,,,156,15,-5.8,55,85,0.18,0.47,29,-3,11,9,20,0.81,-0.01,10,0.09,0,92,64
PM411,,J41 - N295,HHOLL J41 - WST WINFIELDN295,,,137,17,-5,57,92,0.22,0.56,27,-5,11,9,18,0.54,0.02,18,0.16,0.01,78,59
PM412,,J41 - M390,HHOLL J41 - BIEBER PRIORITY M390,,,136,19,-5.2,58,92,0.21,0.64,27,-5,11,10,16,0.73,0.04,14,0.15,0.03,74,62
PM413,,J41 - N33,HHOLL J41 - HHOLL N33,,,128,16,-4.5,52,80,0.17,0.43,26,-6,11,9,17,0.56,-0.04,9,0.1,0,78,50
PM414,,J41 - N38,HHOLL J41 - HHOLL N38,,,138,15,-4.2,59,91,0.2,0.63,25,-4,11,9,17,0.63,-0.02,16,0.13,0,78,60
PM415,,K32 - M501,HHOLL K32 - BECKTON JET M501 P3,,,133,16,-4.4,51,78,0.17,0.21,28,-6,12,8,17,0.57,0.07,16,-0.05,0.01,75,58
PM416,,K32 - 4454M,HHOLL K32 - LSF CJR PRESIDENT 4454M,,,163,14,-4.6,52,79,0.17,0.27,31,-3,12,8,20,0.8,0.03,16,0.05,0.01,92,71
PM417,,K32 - N295,HHOLL K32 - WST WINFIELDN295,,,143,16,-3.8,54,87,0.2,0.35,29,-5,11,8,18,0.52,0.06,24,0.12,0.01,77,66
PM418,,K32 - M390,HHOLL K32 - BIEBER PRIORITY M390,,,142,18,-4,55,86,0.2,0.44,29,-5,12,10,16,0.72,0.08,20,0.12,0.03,74,69
PM419,,K32 - N33,HHOLL K32 - HHOLL N33,,,134,14,-3.2,49,74,0.16,0.23,28,-7,11,8,17,0.54,0,14,0.06,0,78,57
PM420,,K32 - N38,HHOLL K32 - HHOLL N38,,,145,14,-2.9,55,86,0.19,0.42,27,-5,12,8,17,0.62,0.02,22,0.1,0,78,67
PM421,,K75 - M501,HHOLL K75 - BECKTON JET M501 P3,,,116,16,-4.1,54,84,0.18,0.27,27,-5,11,8,17,0.44,0.05,11,-0.02,0.01,73,43
PM422,,K75 - 4454M,HHOLL K75 - LSF CJR PRESIDENT 4454M,,,146,14,-4.2,55,85,0.18,0.33,30,-2,11,8,20,0.67,0.01,11,0.08,0.01,90,56
PM423,,K75 - N295,HHOLL K75 - WST WINFIELDN295,,,126,16,-3.4,57,92,0.22,0.41,28,-4,11,8,18,0.39,0.04,20,0.16,0.02,76,51
PM424,,K75 - M390,HHOLL K75 - BIEBER PRIORITY M390,,,126,18,-3.7,58,92,0.21,0.5,28,-4,11,9,17,0.59,0.06,15,0.14,0.03,72,54
PM425,,K75 - N33,HHOLL K75 - HHOLL N33,,,118,14,-2.9,52,80,0.17,0.29,27,-5,11,8,18,0.41,-0.02,10,0.09,0,76,42
PM426,,K75 - N38,HHOLL K75 - HHOLL N38,,,128,14,-2.6,59,91,0.2,0.48,26,-3,11,8,18,0.49,0,17,0.12,0,76,52
PM427,,K60 - M501,HHOLL K60 - BECKTON JET M501 P3,,,134,16,-4.8,52,81,0.18,0.28,28,-4,11,9,18,0.57,0.07,12,-0.11,0.01,80,54
PM428,,K60 - 4454M,HHOLL K60 - LSF CJR PRESIDENT 4454M,,,164,14,-4.9,53,82,0.18,0.34,30,-1,11,9,21,0.8,0.03,12,0,0.01,97,67
PM429,,K60 - N295,HHOLL K60 - WST WINFIELDN295,,,144,16,-4.2,55,89,0.21,0.43,29,-2,11,9,19,0.52,0.06,21,0.08,0.01,82,62
PM430,,K60 - M390,HHOLL K60 - BIEBER PRIORITY M390,,,143,18,-4.4,56,89,0.21,0.51,28,-2,11,10,18,0.72,0.08,16,0.06,0.03,79,64
PM431,,K60 - N33,HHOLL K60 - HHOLL N33,,,135,15,-3.7,50,77,0.17,0.3,28,-4,11,9,19,0.54,0,11,0.01,0,83,53
PM432,,K60 - N38,HHOLL K60 - HHOLL N38,,,146,14,-3.3,56,88,0.2,0.5,27,-2,11,9,19,0.62,0.02,18,0.05,0,83,63
PM433,,K51 - M501,HHOLL K51 - BECKTON JET M501 P3,,,137,16,-4.7,53,85,0.2,0.34,24,-4,11,9,19,0.5,0.06,13,-0.02,0.01,86,52
PM434,,K51 - 4454M,HHOLL K51 - LSF CJR PRESIDENT 4454M,,,167,14,-4.8,54,85,0.2,0.4,27,-2,11,9,22,0.72,0.02,13,0.09,0.01,103,65
PM435,,K51 - N295,HHOLL K51 - WST WINFIELDN295,,,148,16,-4,56,93,0.23,0.49,25,-3,11,9,19,0.44,0.04,22,0.16,0.02,88,60
PM436,,K51 - M390,HHOLL K51 - BIEBER PRIORITY M390,,,147,18,-4.2,56,92,0.23,0.57,25,-3,11,10,18,0.63,0.07,17,0.15,0.03,85,62
PM437,,K51 - N33,HHOLL K51 - HHOLL N33,,,139,15,-3.5,50,80,0.19,0.36,24,-5,11,9,19,0.47,-0.01,12,0.1,0,88,50
PM438,,K51 - N38,HHOLL K51 - HHOLL N38,,,150,14,-3.2,57,92,0.22,0.56,23,-3,11,9,19,0.54,0,19,0.13,0,89,61
PM439,,K59 - M501,HHOLL K59 - BECKTON JET M501 P3,,,121,17,-4.9,55,82,0.17,0.33,31,-4,11,9,18,0.51,0.05,9,-0.05,0.01,79,42
PM440,,K59 - 4454M,HHOLL K59 - LSF CJR PRESIDENT 4454M,,,151,14,-5,56,83,0.17,0.39,33,-1,10,9,21,0.73,0.01,9,0.06,0.01,96,55
PM441,,K59 - N295,HHOLL K59 - WST WINFIELDN295,,,131,16,-4.2,58,90,0.2,0.48,32,-3,10,9,19,0.46,0.04,18,0.13,0.01,81,50
PM442,,K59 - M390,HHOLL K59 - BIEBER PRIORITY M390,,,130,18,-4.4,58,90,0.2,0.56,31,-3,10,10,18,0.65,0.06,13,0.12,0.03,77,53
PM443,,K59 - N33,HHOLL K59 - HHOLL N33,,,122,15,-3.7,53,78,0.16,0.35,31,-4,10,9,18,0.48,-0.02,8,0.07,0,81,41
PM444,,K59 - N38,HHOLL K59 - HHOLL N38,,,133,14,-3.4,59,89,0.19,0.55,30,-2,11,9,18,0.56,0,15,0.1,0,82,51
PM445,,K21 - M501,HHOLL K21 - BECKTON JET M501 P3,,,124,16,-4.6,51,78,0.17,0.19,28,-5,11,8,19,0.44,0.05,10,-0.03,0.01,80,44
PM446,,K21 - 4454M,HHOLL K21 - LSF CJR PRESIDENT 4454M,,,154,14,-4.7,52,79,0.17,0.25,30,-2,11,8,22,0.67,0.01,10,0.08,0.01,97,57
PM447,,K21 - N295,HHOLL K21 - WST WINFIELDN295,,,134,16,-3.9,54,87,0.21,0.33,29,-4,10,8,19,0.39,0.04,19,0.15,0.02,82,52
PM448,,K21 - M390,HHOLL K21 - BIEBER PRIORITY M390,,,133,18,-4.2,54,86,0.2,0.42,28,-4,11,9,18,0.59,0.06,14,0.14,0.03,79,54
PM449,,K21 - N33,HHOLL K21 - HHOLL N33,,,125,14,-3.4,49,74,0.16,0.21,28,-6,10,8,19,0.41,-0.02,9,0.09,0,82,43
PM450,,K21 - N38,HHOLL K21 - HHOLL N38,,,136,14,-3.1,55,86,0.19,0.4,27,-4,11,8,19,0.49,0,16,0.12,0,83,53
PM451,,K67 - M501,HHOLL K67 - BECKTON JET M501 P3,,,148,15,-3.4,59,93,0.21,0.49,27,-4,12,9,20,0.5,0.05,15,0.02,0.01,98,50
PM452,,K67 - 4454M,HHOLL K67 - LSF CJR PRESIDENT 4454M,,,178,13,-3.5,60,94,0.21,0.55,30,-1,12,9,23,0.72,0.01,15,0.12,0.01,115,63
PM453,,K67 - N295,HHOLL K67 - WST WINFIELDN295,,,158,15,-2.7,62,101,0.25,0.63,28,-3,12,9,21,0.45,0.04,24,0.2,0.02,100,58
PM454,,K67 - M390,HHOLL K67 - BIEBER PRIORITY M390,,,157,17,-3,63,101,0.24,0.72,28,-3,12,10,20,0.64,0.06,19,0.19,0.03,96,61
PM455,,K67 - N33,HHOLL K67 - HHOLL N33,,,149,14,-2.2,57,89,0.2,0.51,27,-4,11,9,20,0.47,-0.01,14,0.13,0,100,49
PM456,,K67 - N38,HHOLL K67 - HHOLL N38,,,160,13,-1.9,63,100,0.23,0.7,26,-2,12,9,20,0.55,0,21,0.17,0,101,59
PM457,,K25 - M501,HHOLL K25 - BECKTON JET M501 P3,,,122,17,-4.8,57,85,0.17,0.34,28,-5,11,9,18,0.51,0.05,8,-0.06,0.01,82,40
PM458,,K25 - 4454M,HHOLL K25 - LSF CJR PRESIDENT 4454M,,,152,14,-4.9,58,86,0.17,0.4,31,-2,10,9,21,0.73,0.01,8,0.05,0.01,99,54
PM459,,K25 - N295,HHOLL K25 - WST WINFIELDN295,,,132,17,-4.1,60,94,0.21,0.49,29,-4,10,9,19,0.46,0.03,17,0.12,0.01,84,48
PM460,,K25 - M390,HHOLL K25 - BIEBER PRIORITY M390,,,131,18,-4.4,61,93,0.2,0.57,29,-4,10,10,18,0.65,0.06,12,0.11,0.03,80,51
PM461,,K25 - N33,HHOLL K25 - HHOLL N33,,,123,15,-3.6,55,81,0.16,0.36,28,-6,10,9,19,0.48,-0.02,7,0.06,0,84,39
PM462,,K25 - N38,HHOLL K25 - HHOLL N38,,,134,15,-3.3,62,93,0.19,0.56,27,-4,10,9,19,0.56,0,14,0.09,0,85,49
PM463,,K72 - M501,HHOLL K72 - BECKTON JET M501 P3,,,146,16,-4.8,58,91,0.2,0.47,24,-6,12,9,20,0.49,0.05,15,0.03,0.01,97,50
PM464,,K72 - 4454M,HHOLL K72 - LSF CJR PRESIDENT 4454M,,,176,14,-4.8,59,91,0.21,0.53,26,-3,12,9,23,0.71,0.01,15,0.14,0.01,113,63
PM465,,K72 - N295,HHOLL K72 - WST WINFIELDN295,,,157,16,-4.1,61,99,0.24,0.62,25,-4,12,9,21,0.44,0.04,24,0.21,0.02,99,58
PM466,,K72 - M390,HHOLL K72 - BIEBER PRIORITY M390,,,156,18,-4.3,61,98,0.23,0.7,24,-4,12,10,20,0.63,0.06,19,0.2,0.03,95,60
PM467,,K72 - N33,HHOLL K72 - HHOLL N33,,,148,15,-3.6,56,86,0.19,0.49,24,-6,11,9,20,0.46,-0.02,14,0.15,0,99,49
PM468,,K72 - N38,HHOLL K72 - HHOLL N38,,,158,14,-3.2,62,98,0.23,0.69,23,-4,12,9,20,0.54,0,21,0.18,0,100,59
PM469,,K82 - M501,HHOLL K82 - BECKTON JET M501 P3,,,129,17,-5.1,59,89,0.19,0.38,27,-5,11,9,19,0.44,0.05,14,0.02,0.01,87,42
PM470,,K82 - 4454M,HHOLL K82 - LSF CJR PRESIDENT 4454M,,,159,15,-5.2,60,90,0.19,0.44,30,-2,11,9,22,0.67,0.01,14,0.12,0.01,104,55
PM471,,K82 - N295,HHOLL K82 - WST WINFIELDN295,,,139,17,-4.4,62,97,0.22,0.52,28,-4,11,8,20,0.39,0.04,23,0.2,0.02,89,50
PM472,,K82 - M390,HHOLL K82 - BIEBER PRIORITY M390,,,139,19,-4.6,62,97,0.21,0.61,28,-4,11,10,19,0.59,0.06,18,0.19,0.03,86,53
PM473,,K82 - N33,HHOLL K82 - HHOLL N33,,,131,15,-3.9,57,85,0.18,0.4,27,-5,10,8,20,0.41,-0.02,13,0.13,0,90,41
PM474,,K82 - N38,HHOLL K82 - HHOLL N38,,,141,15,-3.5,63,96,0.21,0.59,26,-3,11,9,19,0.49,0,20,0.17,0,90,51
PM475,,K05 - M501,HHOLL K05 - BECKTON JET M501 P3,,,149,16,-3.8,65,100,0.22,0.56,26,-4,12,9,20,0.49,0.05,18,0.05,0.01,99,49
PM476,,K05 - 4454M,HHOLL K05 - LSF CJR PRESIDENT 4454M,,,179,13,-4,66,101,0.22,0.62,28,-1,12,9,23,0.71,0.01,18,0.16,0.01,116,62
PM477,,K05 - N295,HHOLL K05 - WST WINFIELDN295,,,159,15,-3.2,68,109,0.26,0.7,27,-3,11,9,21,0.44,0.04,27,0.23,0.02,102,57
PM478,,K05 - M390,HHOLL K05 - BIEBER PRIORITY M390,,,158,17,-3.4,68,108,0.25,0.79,26,-3,12,10,20,0.63,0.06,22,0.22,0.03,98,60
PM479,,K05 - N33,HHOLL K05 - HHOLL N33,,,150,14,-2.7,63,96,0.21,0.58,26,-4,11,9,21,0.46,-0.01,17,0.17,0,102,48
PM480,,K05 - N38,HHOLL K05 - HHOLL N38,,,161,13,-2.3,69,108,0.24,0.77,25,-2,12,9,21,0.54,0,24,0.2,0,103,58
PM481,,K43 - M501,HHOLL K43 - BECKTON JET M501 P3,,,125,16,-4.5,59,88,0.18,0.45,27,-4,11,9,18,0.51,0.05,12,-0.03,0.01,82,43
PM482,,K43 - 4454M,HHOLL K43 - LSF CJR PRESIDENT 4454M,,,155,14,-4.6,60,89,0.18,0.51,30,-2,11,9,21,0.74,0.01,12,0.08,0.01,99,56
PM483,,K43 - N295,HHOLL K43 - WST WINFIELDN295,,,135,16,-3.8,62,97,0.22,0.6,28,-3,10,9,19,0.46,0.04,21,0.15,0.02,85,51
PM484,,K43 - M390,HHOLL K43 - BIEBER PRIORITY M390,,,135,18,-4.1,63,96,0.21,0.68,28,-3,11,10,18,0.66,0.06,16,0.14,0.03,81,54
PM485,,K43 - N33,HHOLL K43 - HHOLL N33,,,126,15,-3.3,57,84,0.17,0.47,27,-5,10,9,19,0.49,-0.02,11,0.09,0,85,42
PM486,,K43 - N38,HHOLL K43 - HHOLL N38,,,137,14,-3,63,96,0.2,0.67,26,-3,11,9,19,0.56,0,18,0.12,0,85,52
PM487,,K38B - M501,HHOLL K38B - BECKTON JET M501 P3,,,139,15,-3.9,62,93,0.2,0.49,29,-3,11,9,19,0.56,0.07,17,-0.05,0.01,88,52
PM488,,K38B - 4454M,HHOLL K38B - LSF CJR PRESIDENT 4454M,,,169,13,-4,62,94,0.2,0.55,32,0,11,9,22,0.78,0.03,17,0.05,0.01,104,65
PM489,,K38B - N295,HHOLL K38B - WST WINFIELDN295,,,149,15,-3.2,64,102,0.23,0.63,30,-2,11,8,20,0.51,0.06,25,0.12,0.01,90,60
PM490,,K38B - M390,HHOLL K38B - BIEBER PRIORITY M390,,,149,17,-3.5,65,101,0.23,0.72,30,-2,11,10,19,0.7,0.08,21,0.12,0.03,86,62
PM491,,K38B - N33,HHOLL K38B - HHOLL N33,,,141,14,-2.7,59,89,0.19,0.51,29,-3,11,8,20,0.53,0,16,0.06,0,90,51
PM492,,K38B - N38,HHOLL K38B - HHOLL N38,,,151,13,-2.4,66,101,0.22,0.7,28,-1,11,9,19,0.61,0.02,23,0.1,0,91,61
PM493,,K86 - M501,HHOLL K86 - BECKTON JET M501 P3,,,131,16,-3.7,62,94,0.2,0.36,26,-3,11,8,20,0.44,0.05,13,0.01,0.01,89,42
PM494,,K86 - 4454M,HHOLL K86 - LSF CJR PRESIDENT 4454M,,,161,14,-3.8,62,94,0.2,0.42,29,0,11,8,23,0.67,0.01,13,0.11,0.01,106,55
PM495,,K86 - N295,HHOLL K86 - WST WINFIELDN295,,,141,16,-3,64,102,0.23,0.5,27,-2,11,8,20,0.39,0.04,22,0.19,0.02,91,50
PM496,,K86 - M390,HHOLL K86 - BIEBER PRIORITY M390,,,140,18,-3.2,65,101,0.23,0.59,27,-2,11,9,19,0.59,0.06,17,0.17,0.03,87,53
PM497,,K86 - N33,HHOLL K86 - HHOLL N33,,,132,14,-2.5,59,90,0.19,0.38,26,-3,10,8,20,0.41,-0.02,12,0.12,0,91,41
PM498,,K86 - N38,HHOLL K86 - HHOLL N38,,,143,14,-2.2,66,101,0.22,0.57,25,-1,11,8,20,0.49,0,19,0.16,0,92,51
PM499,,K56 - M501,HHOLL K56 - BECKTON JET M501 P3,,,144,15,-3.5,62,97,0.22,0.53,26,-3,12,9,20,0.5,0.05,17,0.03,0.01,93,50
PM500,,K56 - 4454M,HHOLL K56 - LSF CJR PRESIDENT 4454M,,,174,13,-3.6,63,98,0.22,0.59,29,0,11,9,23,0.72,0.01,17,0.14,0.01,110,64
PM501,,K56 - N295,HHOLL K56 - WST WINFIELDN295,,,154,15,-2.8,65,105,0.25,0.67,27,-2,11,9,20,0.44,0.04,26,0.22,0.02,96,58
PM502,,K56 - M390,HHOLL K56 - BIEBER PRIORITY M390,,,153,17,-3.1,65,105,0.25,0.76,27,-2,11,10,19,0.63,0.06,21,0.2,0.03,92,61
PM503,,K56 - N33,HHOLL K56 - HHOLL N33,,,145,13,-2.3,60,93,0.21,0.55,26,-4,11,9,20,0.47,-0.01,16,0.15,0,96,49
PM504,,K56 - N38,HHOLL K56 - HHOLL N38,,,156,13,-2,66,104,0.24,0.74,25,-2,12,9,20,0.54,0,23,0.19,0,96,59
PM505,,K30 - M501,HHOLL K30 - BECKTON JET M501 P3,,,143,15,-3.7,56,90,0.21,0.41,26,-5,12,9,20,0.49,0.06,14,-0.02,0.01,93,50
PM506,,K30 - 4454M,HHOLL K30 - LSF CJR PRESIDENT 4454M,,,173,13,-3.8,57,91,0.21,0.47,28,-2,11,9,23,0.71,0.02,14,0.09,0.01,110,63
PM507,,K30 - N295,HHOLL K30 - WST WINFIELDN295,,,153,15,-3,59,98,0.24,0.55,27,-4,11,8,20,0.44,0.05,22,0.16,0.02,95,58
PM508,,K30 - M390,HHOLL K30 - BIEBER PRIORITY M390,,,152,17,-3.2,60,97,0.23,0.64,27,-4,11,10,19,0.63,0.07,17,0.15,0.03,91,61
PM509,,K30 - N33,HHOLL K30 - HHOLL N33,,,144,13,-2.5,54,86,0.2,0.43,26,-5,11,8,20,0.46,-0.01,12,0.1,0,95,49
PM510,,K30 - N38,HHOLL K30 - HHOLL N38,,,155,13,-2.2,60,97,0.23,0.62,25,-3,12,9,20,0.54,0.01,20,0.13,0,96,59
PM511,,K87 - M501,HHOLL K87 - BECKTON JET M501 P3,,,122,15,-3.3,63,94,0.19,0.5,29,-3,10,8,18,0.51,0.05,11,-0.04,0.01,82,41
PM512,,K87 - 4454M,HHOLL K87 - LSF CJR PRESIDENT 4454M,,,152,13,-3.4,64,95,0.19,0.56,32,0,10,8,22,0.74,0.01,11,0.07,0.01,99,54
PM513,,K87 - N295,HHOLL K87 - WST WINFIELDN295,,,133,15,-2.6,66,102,0.23,0.64,30,-2,10,8,19,0.46,0.04,19,0.15,0.02,84,48
PM514,,K87 - M390,HHOLL K87 - BIEBER PRIORITY M390,,,132,17,-2.9,66,102,0.22,0.73,30,-2,10,9,18,0.66,0.06,15,0.14,0.03,81,51
PM515,,K87 - N33,HHOLL K87 - HHOLL N33,,,124,13,-2.1,61,90,0.18,0.52,29,-3,10,8,19,0.49,-0.02,10,0.08,0,84,39
PM516,,K87 - N38,HHOLL K87 - HHOLL N38,,,134,13,-1.8,67,101,0.21,0.71,28,-1,10,8,19,0.56,0,17,0.12,0,85,50
PM517,,K34 - M501,HHOLL K34 - BECKTON JET M501 P3,,,136,15,-4,61,93,0.2,0.49,29,-2,11,8,18,0.57,0.07,18,-0.04,0.01,81,55
PM518,,K34 - 4454M,HHOLL K34 - LSF CJR PRESIDENT 4454M,,,166,13,-4.1,62,94,0.2,0.55,31,1,11,8,22,0.79,0.03,18,0.07,0.01,98,68
PM519,,K34 - N295,HHOLL K34 - WST WINFIELDN295,,,146,15,-3.3,64,102,0.24,0.64,30,-1,11,8,19,0.52,0.06,26,0.15,0.01,84,63
PM520,,K34 - M390,HHOLL K34 - BIEBER PRIORITY M390,,,145,17,-3.6,64,101,0.23,0.72,29,-1,11,9,18,0.71,0.08,21,0.14,0.03,80,65
PM521,,K34 - N33,HHOLL K34 - HHOLL N33,,,137,13,-2.8,58,89,0.19,0.51,29,-2,11,8,19,0.54,0,16,0.08,0,84,54
PM522,,K34 - N38,HHOLL K34 - HHOLL N38,,,148,13,-2.5,65,101,0.22,0.71,28,0,11,8,19,0.62,0.02,24,0.12,0,84,64
PM523,,K69 - M501,HHOLL K69 - BECKTON JET M501 P3,,,121,16,-4.5,66,98,0.2,0.62,31,-3,11,9,18,0.51,0.05,15,0.02,0.01,80,42
PM524,,K69 - 4454M,HHOLL K69 - LSF CJR PRESIDENT 4454M,,,151,14,-4.6,67,99,0.2,0.68,34,0,10,9,21,0.73,0.01,15,0.12,0.01,97,55
PM525,,K69 - N295,HHOLL K69 - WST WINFIELDN295,,,132,16,-3.8,69,106,0.23,0.76,32,-2,10,9,18,0.46,0.04,24,0.2,0.01,82,49
PM526,,K69 - M390,HHOLL K69 - BIEBER PRIORITY M390,,,131,18,-4.1,69,105,0.23,0.85,32,-2,10,10,17,0.65,0.06,19,0.19,0.03,79,52
PM527,,K69 - N33,HHOLL K69 - HHOLL N33,,,123,15,-3.3,64,94,0.19,0.64,31,-3,10,9,18,0.48,-0.02,14,0.14,0,82,40
PM528,,K69 - N38,HHOLL K69 - HHOLL N38,,,134,14,-3,70,105,0.22,0.83,30,-1,11,9,18,0.56,0,21,0.17,0,83,51
PM529,,K68 - M501,HHOLL K68 - BECKTON JET M501 P3,,,132,17,-5.2,57,86,0.18,0.38,32,-5,11,10,19,0.54,0.05,9,-0.03,0.02,87,45
PM530,,K68 - 4454M,HHOLL K68 - LSF CJR PRESIDENT 4454M,,,162,15,-5.3,58,87,0.18,0.44,34,-3,11,10,22,0.76,0.01,9,0.08,0.01,104,58
PM531,,K68 - N295,HHOLL K68 - WST WINFIELDN295,,,142,17,-4.6,60,94,0.22,0.52,33,-4,10,9,19,0.49,0.04,18,0.15,0.02,90,52
PM532,,K68 - M390,HHOLL K68 - BIEBER PRIORITY M390,,,141,19,-4.8,61,94,0.21,0.61,33,-4,11,11,18,0.68,0.06,13,0.14,0.04,86,55
PM533,,K68 - N33,HHOLL K68 - HHOLL N33,,,133,16,-4.1,55,82,0.17,0.4,32,-6,10,9,19,0.51,-0.02,8,0.09,0.01,90,43
PM534,,K68 - N38,HHOLL K68 - HHOLL N38,,,144,15,-3.7,61,94,0.2,0.59,31,-4,11,9,19,0.59,0,15,0.12,0,90,54
PM535,,K52 - M501,HHOLL K52 - BECKTON JET M501 P3,,,137,16,-4.8,53,84,0.2,0.38,26,-4,11,8,17,0.63,0.01,14,0.12,0.01,73,64
PM536,,K52 - 4454M,HHOLL K52 - LSF CJR PRESIDENT 4454M,,,167,13,-4.9,53,85,0.2,0.44,29,-1,11,8,20,0.85,-0.03,14,0.23,0.01,90,77
PM537,,K52 - N295,HHOLL K52 - WST WINFIELDN295,,,147,15,-4.1,56,93,0.23,0.53,27,-2,11,8,18,0.58,0,22,0.3,0.01,75,72
PM538,,K52 - M390,HHOLL K52 - BIEBER PRIORITY M390,,,146,17,-4.4,56,92,0.22,0.61,27,-3,11,9,17,0.77,0.02,18,0.29,0.03,72,74
PM539,,K52 - N33,HHOLL K52 - HHOLL N33,,,138,14,-3.6,50,80,0.19,0.4,26,-4,11,8,18,0.6,-0.06,12,0.24,0,76,63
PM540,,K52 - N38,HHOLL K52 - HHOLL N38,,,149,13,-3.3,57,92,0.22,0.6,25,-2,11,8,18,0.68,-0.04,20,0.27,0,76,73
PM541,,K11 - M501,HHOLL K11 - BECKTON JET M501 P3,,,128,17,-5.3,56,86,0.19,0.39,24,-6,11,9,17,0.59,0.03,11,-0.01,0.01,75,52
PM542,,K11 - 4454M,HHOLL K11 - LSF CJR PRESIDENT 4454M,,,158,15,-5.4,57,87,0.19,0.45,27,-3,11,9,20,0.81,-0.01,11,0.09,0,92,66
PM543,,K11 - N295,HHOLL K11 - WST WINFIELDN295,,,138,17,-4.6,59,94,0.22,0.53,25,-4,11,8,18,0.54,0.02,19,0.17,0.01,78,60
PM544,,K11 - M390,HHOLL K11 - BIEBER PRIORITY M390,,,137,19,-4.9,59,94,0.21,0.62,25,-5,11,10,17,0.73,0.04,15,0.16,0.03,74,63
PM545,,K11 - N33,HHOLL K11 - HHOLL N33,,,129,15,-4.1,54,82,0.18,0.41,24,-6,11,8,18,0.56,-0.04,9,0.11,0,78,51
PM546,,K11 - N38,HHOLL K11 - HHOLL N38,,,140,15,-3.8,60,94,0.21,0.6,23,-4,11,9,17,0.63,-0.02,17,0.14,0,78,61
PM547,,K65 - M501,HHOLL K65 - BECKTON JET M501 P3,,,125,18,-5.8,55,82,0.17,0.39,28,-6,11,9,18,0.56,0.03,9,-0.02,0.01,81,45
PM548,,K65 - 4454M,HHOLL K65 - LSF CJR PRESIDENT 4454M,,,156,16,-5.9,56,83,0.17,0.45,31,-3,11,9,21,0.78,-0.01,9,0.08,0.01,98,58
PM549,,K65 - N295,HHOLL K65 - WST WINFIELDN295,,,136,18,-5.2,58,91,0.2,0.54,29,-4,11,9,19,0.51,0.02,17,0.16,0.01,83,53
PM550,,K65 - M390,HHOLL K65 - BIEBER PRIORITY M390,,,135,20,-5.4,59,90,0.2,0.62,29,-4,11,10,18,0.7,0.04,12,0.14,0.03,79,55
PM551,,K65 - N33,HHOLL K65 - HHOLL N33,,,127,16,-4.7,53,78,0.16,0.41,28,-6,11,9,19,0.53,-0.04,7,0.09,0,83,44
PM552,,K65 - N38,HHOLL K65 - HHOLL N38,,,138,16,-4.3,59,90,0.19,0.61,27,-4,11,9,18,0.61,-0.02,15,0.12,0,84,54
PM553,,K03B - M501,HHOLL K03B - BECKTON JET M501 P3,,,120,17,-5.2,56,84,0.18,0.33,25,-6,11,8,17,0.57,0.03,8,-0.05,0,72,48
PM554,,K03B - 4454M,HHOLL K03B - LSF CJR PRESIDENT 4454M,,,150,15,-5.3,57,85,0.18,0.39,28,-4,11,8,20,0.8,-0.01,8,0.06,0,89,61
PM555,,K03B - N295,HHOLL K03B - WST WINFIELDN295,,,130,17,-4.6,59,92,0.21,0.48,26,-5,11,8,17,0.52,0.02,17,0.13,0.01,75,56
PM556,,K03B - M390,HHOLL K03B - BIEBER PRIORITY M390,,,129,19,-4.8,59,92,0.2,0.56,26,-5,11,9,16,0.72,0.04,12,0.12,0.03,71,58
PM557,,K03B - N33,HHOLL K03B - HHOLL N33,,,121,15,-4.1,54,80,0.17,0.35,25,-7,11,8,17,0.54,-0.04,7,0.07,0,75,47
PM558,,K03B - N38,HHOLL K03B - HHOLL N38,,,132,15,-3.7,60,92,0.2,0.55,24,-5,11,8,17,0.62,-0.02,14,0.1,-0.01,75,57
PM559,,K40 - M501,HHOLL K40 - BECKTON JET M501 P3,,,119,17,-5.3,53,79,0.16,0.27,24,-7,11,9,17,0.56,0.03,7,-0.05,0.01,74,46
PM560,,K40 - 4454M,HHOLL K40 - LSF CJR PRESIDENT 4454M,,,149,15,-5.4,54,80,0.16,0.33,27,-4,11,9,20,0.78,-0.01,7,0.06,0.01,91,59
PM561,,K40 - N295,HHOLL K40 - WST WINFIELDN295,,,130,17,-4.6,56,88,0.2,0.41,25,-6,11,8,17,0.51,0.02,16,0.13,0.01,76,54
PM562,,K40 - M390,HHOLL K40 - BIEBER PRIORITY M390,,,129,19,-4.9,57,87,0.19,0.5,25,-6,11,10,16,0.7,0.04,11,0.12,0.03,72,56
PM563,,K40 - N33,HHOLL K40 - HHOLL N33,,,121,16,-4.1,51,75,0.15,0.29,24,-8,11,8,17,0.53,-0.04,6,0.07,0,76,45
PM564,,K40 - N38,HHOLL K40 - HHOLL N38,,,132,15,-3.8,57,87,0.18,0.48,23,-6,11,9,17,0.61,-0.02,13,0.1,0,77,55
PM565,,L06 - M501,HHOLL L06 - BECKTON JET M501 P3,,,121,17,-5.6,58,87,0.19,0.47,27,-6,11,8,16,0.63,0.02,10,0.01,0,68,52
PM566,,L06 - 4454M,HHOLL L06 - LSF CJR PRESIDENT 4454M,,,151,15,-5.8,59,88,0.19,0.53,30,-3,11,8,19,0.86,-0.02,10,0.11,0,85,65
PM567,,L06 - N295,HHOLL L06 - WST WINFIELDN295,,,131,17,-4.9,61,96,0.22,0.61,28,-5,11,8,17,0.58,0,19,0.19,0.01,71,60
PM568,,L06 - M390,HHOLL L06 - BIEBER PRIORITY M390,,,130,19,-5.2,61,95,0.21,0.7,28,-5,11,9,15,0.77,0.03,14,0.17,0.02,67,63
PM569,,L06 - N33,HHOLL L06 - HHOLL N33,,,122,16,-4.4,55,83,0.17,0.49,27,-6,11,8,16,0.61,-0.05,9,0.12,-0.01,71,51
PM570,,L06 - N38,HHOLL L06 - HHOLL N38,,,133,15,-4.1,62,95,0.21,0.68,26,-4,11,8,16,0.68,-0.03,16,0.16,-0.01,71,61
PM571,,L09 - M501,HHOLL L09 - BECKTON JET M501 P3,,,123,17,-6.1,56,83,0.17,0.38,27,-7,11,9,17,0.61,0.03,9,-0.02,0.01,74,49
PM572,,L09 - 4454M,HHOLL L09 - LSF CJR PRESIDENT 4454M,,,153,15,-6.2,57,84,0.17,0.44,30,-4,11,9,20,0.83,-0.01,9,0.09,0,91,62
PM573,,L09 - N295,HHOLL L09 - WST WINFIELDN295,,,133,17,-5.4,59,91,0.2,0.52,28,-5,11,8,18,0.55,0.02,18,0.16,0.01,77,56
PM574,,L09 - M390,HHOLL L09 - BIEBER PRIORITY M390,,,132,19,-5.6,59,91,0.2,0.61,28,-6,11,10,16,0.75,0.04,13,0.15,0.03,73,59
PM575,,L09 - N33,HHOLL L09 - HHOLL N33,,,124,16,-4.9,54,79,0.16,0.4,27,-7,11,8,17,0.57,-0.04,8,0.1,0,77,47
PM576,,L09 - N38,HHOLL L09 - HHOLL N38,,,135,15,-4.5,60,91,0.19,0.59,26,-5,11,9,17,0.65,-0.02,15,0.13,0,78,58
PM577,,L12 - M501,HHOLL L12 - BECKTON JET M501 P3,,,138,17,-4.9,56,86,0.19,0.45,29,-3,11,9,18,0.6,0,15,0.16,0.01,80,58
PM578,,L12 - 4454M,HHOLL L12 - LSF CJR PRESIDENT 4454M,,,168,14,-5.1,57,87,0.19,0.51,31,-1,11,9,21,0.82,-0.04,15,0.26,0.01,97,71
PM579,,L12 - N295,HHOLL L12 - WST WINFIELDN295,,,149,17,-4.2,59,95,0.22,0.59,30,-2,11,9,19,0.55,-0.01,24,0.34,0.02,83,66
PM580,,L12 - M390,HHOLL L12 - BIEBER PRIORITY M390,,,148,18,-4.5,60,94,0.21,0.68,29,-2,11,10,18,0.74,0.02,19,0.33,0.03,79,68
PM581,,L12 - N33,HHOLL L12 - HHOLL N33,,,140,15,-3.8,54,82,0.18,0.47,29,-4,11,9,18,0.57,-0.06,14,0.28,0,83,57
PM582,,L12 - N38,HHOLL L12 - HHOLL N38,,,150,15,-3.4,60,94,0.21,0.66,28,-2,11,9,18,0.64,-0.05,21,0.31,0,84,67
PM583,,L20 - M501,HHOLL L20 - BECKTON JET M501 P3,,,128,16,-4,64,97,0.21,0.57,28,-6,11,8,17,0.62,0.03,12,0.03,0.01,76,51
PM584,,L20 - 4454M,HHOLL L20 - LSF CJR PRESIDENT 4454M,,,158,14,-4.1,65,98,0.21,0.63,31,-3,11,8,20,0.85,-0.01,12,0.14,0.01,93,64
PM585,,L20 - N295,HHOLL L20 - WST WINFIELDN295,,,138,16,-3.3,67,106,0.24,0.72,29,-4,11,8,18,0.57,0.02,21,0.21,0.01,79,59
PM586,,L20 - M390,HHOLL L20 - BIEBER PRIORITY M390,,,137,18,-3.6,68,105,0.23,0.8,29,-5,11,9,16,0.76,0.04,16,0.2,0.03,75,62
PM587,,L20 - N33,HHOLL L20 - HHOLL N33,,,129,14,-2.8,62,93,0.19,0.59,28,-6,11,8,17,0.6,-0.04,11,0.15,0,79,50
PM588,,L20 - N38,HHOLL L20 - HHOLL N38,,,140,14,-2.5,68,105,0.23,0.79,27,-4,11,8,17,0.67,-0.02,18,0.18,0,79,60
PM589,,L22 - M501,HHOLL L22 - BECKTON JET M501 P3,,,121,16,-4.4,60,90,0.19,0.43,26,-6,11,8,16,0.57,0.03,11,-0.02,0,73,48
PM590,,L22 - 4454M,HHOLL L22 - LSF CJR PRESIDENT 4454M,,,151,14,-4.6,61,91,0.19,0.49,29,-3,11,8,20,0.8,-0.01,11,0.09,0,89,61
PM591,,L22 - N295,HHOLL L22 - WST WINFIELDN295,,,131,16,-3.8,63,98,0.22,0.57,27,-5,11,8,17,0.52,0.02,19,0.16,0.01,75,56
PM592,,L22 - M390,HHOLL L22 - BIEBER PRIORITY M390,,,130,18,-4,63,98,0.21,0.66,27,-5,11,9,16,0.72,0.04,14,0.15,0.03,71,59
PM593,,L22 - N33,HHOLL L22 - HHOLL N33,,,122,15,-3.2,58,86,0.18,0.45,26,-6,11,8,17,0.54,-0.04,9,0.1,0,75,47
PM594,,L22 - N38,HHOLL L22 - HHOLL N38,,,133,14,-2.9,64,97,0.21,0.64,25,-4,11,8,17,0.62,-0.02,17,0.13,-0.01,76,57
PM595,,L28 - M501,HHOLL L28 - BECKTON JET M501 P3,,,142,16,-4.4,58,88,0.19,0.37,27,-4,11,9,18,0.59,0,16,0.16,0.01,84,59
PM596,,L28 - 4454M,HHOLL L28 - LSF CJR PRESIDENT 4454M,,,172,14,-4.5,59,89,0.19,0.43,30,-1,11,9,22,0.81,-0.04,16,0.27,0.01,101,72
PM597,,L28 - N295,HHOLL L28 - WST WINFIELDN295,,,153,16,-3.7,61,97,0.23,0.51,28,-2,11,9,19,0.54,-0.01,24,0.34,0.01,86,66
PM598,,L28 - M390,HHOLL L28 - BIEBER PRIORITY M390,,,152,18,-4,61,96,0.22,0.6,28,-3,11,10,18,0.73,0.01,19,0.33,0.03,82,69
PM599,,L28 - N33,HHOLL L28 - HHOLL N33,,,144,15,-3.2,56,84,0.18,0.39,27,-4,11,9,19,0.56,-0.07,14,0.28,0,86,57
PM600,,L28 - N38,HHOLL L28 - HHOLL N38,,,154,14,-2.9,62,96,0.21,0.58,26,-2,11,9,19,0.63,-0.05,22,0.31,0,87,68
PM601,,L29 - M501,HHOLL L29 - BECKTON JET M501 P3,,,122,17,-5.1,54,81,0.17,0.35,27,-6,11,8,16,0.62,0,10,0.04,0,68,55
PM602,,L29 - 4454M,HHOLL L29 - LSF CJR PRESIDENT 4454M,,,152,14,-5.2,54,82,0.17,0.41,30,-3,11,8,19,0.85,-0.04,10,0.15,0,84,68
PM603,,L29 - N295,HHOLL L29 - WST WINFIELDN295,,,133,16,-4.4,57,90,0.21,0.49,28,-5,11,8,17,0.57,-0.01,18,0.22,0.01,70,63
PM604,,L29 - M390,HHOLL L29 - BIEBER PRIORITY M390,,,132,18,-4.7,57,89,0.2,0.58,28,-5,11,9,16,0.76,0.01,14,0.21,0.02,66,65
PM605,,L29 - N33,HHOLL L29 - HHOLL N33,,,124,15,-3.9,51,77,0.16,0.37,27,-6,10,8,17,0.6,-0.07,9,0.16,-0.01,70,54
PM606,,L29 - N38,HHOLL L29 - HHOLL N38,,,134,14,-3.6,58,89,0.19,0.56,27,-4,11,8,16,0.67,-0.05,16,0.19,-0.01,71,64
PM607,,L31 - M501,HHOLL L31 - BECKTON JET M501 P3,,,124,16,-4.2,59,89,0.19,0.46,28,-5,11,8,16,0.62,0,12,0.08,0,70,55
PM608,,L31 - 4454M,HHOLL L31 - LSF CJR PRESIDENT 4454M,,,154,14,-4.2,60,90,0.19,0.52,31,-2,11,8,19,0.85,-0.04,12,0.19,0,86,68
PM609,,L31 - N295,HHOLL L31 - WST WINFIELDN295,,,135,16,-3.5,62,98,0.22,0.6,29,-3,11,8,17,0.57,-0.01,21,0.26,0.01,72,63
PM610,,L31 - M390,HHOLL L31 - BIEBER PRIORITY M390,,,134,18,-3.7,63,97,0.22,0.69,29,-4,11,9,16,0.76,0.01,16,0.25,0.02,68,65
PM611,,L31 - N33,HHOLL L31 - HHOLL N33,,,126,14,-3,57,85,0.18,0.48,28,-5,11,8,17,0.6,-0.07,11,0.2,-0.01,72,54
PM612,,L31 - N38,HHOLL L31 - HHOLL N38,,,136,14,-2.6,63,97,0.21,0.67,27,-3,11,8,17,0.67,-0.05,18,0.23,-0.01,73,64
PM613,,L32 - M501,HHOLL L32 - BECKTON JET M501 P3,,,150,16,-4.8,61,97,0.23,0.51,25,-2,12,9,18,0.59,0.09,24,0.01,0.01,83,67
PM614,,L32 - 4454M,HHOLL L32 - LSF CJR PRESIDENT 4454M,,,180,14,-4.8,61,98,0.23,0.57,28,1,12,9,21,0.81,0.05,24,0.12,0.01,100,80
PM615,,L32 - N295,HHOLL L32 - WST WINFIELDN295,,,161,16,-4.1,64,106,0.26,0.65,26,-1,11,9,19,0.54,0.08,33,0.19,0.01,86,75
PM616,,L32 - M390,HHOLL L32 - BIEBER PRIORITY M390,,,160,18,-4.3,64,105,0.26,0.74,26,-1,12,10,18,0.73,0.1,28,0.18,0.03,82,78
PM617,,L32 - N33,HHOLL L32 - HHOLL N33,,,152,15,-3.6,58,93,0.22,0.53,26,-2,11,9,19,0.56,0.02,23,0.13,0,86,66
PM618,,L32 - N38,HHOLL L32 - HHOLL N38,,,163,14,-3.2,65,105,0.25,0.72,25,0,12,9,19,0.63,0.04,30,0.16,0,86,76
PM619,,L33 - M501,HHOLL L33 - BECKTON JET M501 P3,,,143,15,-3.9,60,94,0.21,0.49,26,-4,12,9,19,0.49,0.06,17,0.03,0.01,92,51
PM620,,L33 - 4454M,HHOLL L33 - LSF CJR PRESIDENT 4454M,,,173,13,-4.1,60,94,0.21,0.55,28,-1,11,9,22,0.71,0.02,17,0.13,0.01,109,64
PM621,,L33 - N295,HHOLL L33 - WST WINFIELDN295,,,153,15,-3.2,62,102,0.25,0.63,27,-2,11,9,20,0.44,0.04,25,0.21,0.02,95,59
PM622,,L33 - M390,HHOLL L33 - BIEBER PRIORITY M390,,,152,17,-3.5,63,101,0.24,0.72,27,-3,11,10,19,0.63,0.07,21,0.19,0.03,91,61
PM623,,L33 - N33,HHOLL L33 - HHOLL N33,,,144,14,-2.8,57,89,0.2,0.51,26,-4,11,9,20,0.46,-0.01,15,0.14,0,95,50
PM624,,L33 - N38,HHOLL L33 - HHOLL N38,,,155,13,-2.4,64,101,0.23,0.7,25,-2,12,9,20,0.54,0.01,23,0.18,0,95,60
PM625,,L44 - M501,HHOLL L44 - BECKTON JET M501 P3,,,140,17,-5.3,56,87,0.2,0.37,28,-4,11,9,18,0.6,0.08,15,-0.05,0.01,82,58
PM626,,L44 - 4454M,HHOLL L44 - LSF CJR PRESIDENT 4454M,,,170,15,-5.4,56,88,0.2,0.43,31,-1,11,9,21,0.82,0.03,15,0.06,0.01,98,71
PM627,,L44 - N295,HHOLL L44 - WST WINFIELDN295,,,150,17,-4.7,59,95,0.23,0.51,29,-2,11,9,19,0.55,0.06,24,0.13,0.02,84,66
PM628,,L44 - M390,HHOLL L44 - BIEBER PRIORITY M390,,,149,19,-4.9,59,95,0.22,0.6,29,-3,11,10,18,0.74,0.09,19,0.12,0.03,80,69
PM629,,L44 - N33,HHOLL L44 - HHOLL N33,,,141,15,-4.2,53,83,0.18,0.39,28,-4,11,9,19,0.57,0.01,14,0.07,0,84,57
PM630,,L44 - N38,HHOLL L44 - HHOLL N38,,,152,15,-3.8,60,94,0.22,0.58,27,-2,11,9,18,0.64,0.02,21,0.1,0,85,67
PM631,,L49 - M501,HHOLL L49 - BECKTON JET M501 P3,,,146,15,-3.5,63,102,0.24,0.58,27,-1,12,8,18,0.59,0.09,24,0.01,0.01,81,65
PM632,,L49 - 4454M,HHOLL L49 - LSF CJR PRESIDENT 4454M,,,177,13,-3.7,64,103,0.24,0.64,30,2,12,8,21,0.81,0.05,24,0.11,0.01,98,79
PM633,,L49 - N295,HHOLL L49 - WST WINFIELDN295,,,157,15,-2.9,66,110,0.27,0.72,28,0,11,8,19,0.54,0.08,33,0.19,0.01,84,73
PM634,,L49 - M390,HHOLL L49 - BIEBER PRIORITY M390,,,156,17,-3.1,67,110,0.27,0.81,28,0,12,9,18,0.73,0.1,28,0.17,0.03,80,76
PM635,,L49 - N33,HHOLL L49 - HHOLL N33,,,148,13,-2.4,61,98,0.23,0.6,27,-1,11,8,19,0.56,0.02,23,0.12,0,84,64
PM636,,L49 - N38,HHOLL L49 - HHOLL N38,,,159,13,-2,68,109,0.26,0.79,27,1,12,8,19,0.63,0.04,30,0.16,0,84,74
PM637,,L58 - M501,HHOLL L58 - BECKTON JET M501 P3,,,139,17,-5.5,55,86,0.19,0.35,26,-4,11,10,17,0.62,0,14,0.14,0.01,78,61
PM638,,L58 - 4454M,HHOLL L58 - LSF CJR PRESIDENT 4454M,,,169,15,-5.6,56,86,0.19,0.41,29,-1,11,10,20,0.84,-0.04,14,0.25,0.01,94,74
PM639,,L58 - N295,HHOLL L58 - WST WINFIELDN295,,,149,17,-4.8,58,94,0.22,0.49,27,-2,11,9,18,0.57,-0.01,23,0.32,0.01,80,69
PM640,,L58 - M390,HHOLL L58 - BIEBER PRIORITY M390,,,148,19,-5.1,59,93,0.22,0.58,27,-3,11,11,17,0.76,0.01,18,0.31,0.03,76,72
PM641,,L58 - N33,HHOLL L58 - HHOLL N33,,,140,16,-4.3,53,82,0.18,0.37,26,-4,11,9,18,0.59,-0.06,13,0.26,0,80,60
PM642,,L58 - N38,HHOLL L58 - HHOLL N38,,,151,15,-4,59,93,0.21,0.56,25,-2,11,9,18,0.67,-0.05,20,0.29,0,81,70
PM643,,L60 - M501,HHOLL L60 - BECKTON JET M501 P3,,,132,16,-4.8,57,87,0.19,0.47,30,-4,11,8,18,0.57,0,15,0.14,0.01,77,55
PM644,,L60 - 4454M,HHOLL L60 - LSF CJR PRESIDENT 4454M,,,162,14,-4.8,58,88,0.19,0.53,33,-1,11,8,21,0.8,-0.04,15,0.25,0,94,69
PM645,,L60 - N295,HHOLL L60 - WST WINFIELDN295,,,143,16,-4.1,60,96,0.22,0.62,31,-3,11,8,18,0.52,-0.01,24,0.32,0.01,79,63
PM646,,L60 - M390,HHOLL L60 - BIEBER PRIORITY M390,,,142,18,-4.3,61,95,0.21,0.7,31,-3,11,9,17,0.72,0.01,19,0.31,0.03,76,66
PM647,,L60 - N33,HHOLL L60 - HHOLL N33,,,134,15,-3.6,55,83,0.18,0.49,30,-4,10,8,18,0.54,-0.07,14,0.26,0,79,54
PM648,,L60 - N38,HHOLL L60 - HHOLL N38,,,144,14,-3.2,61,95,0.21,0.69,29,-2,11,8,18,0.62,-0.05,21,0.29,0,80,64
PM649,,L61 - M501,HHOLL L61 - BECKTON JET M501 P3,,,125,17,-5.6,52,79,0.17,0.26,29,-6,11,9,18,0.54,0.06,7,-0.07,0.02,79,46
PM650,,L61 - 4454M,HHOLL L61 - LSF CJR PRESIDENT 4454M,,,155,15,-5.7,52,80,0.17,0.32,32,-3,10,9,21,0.76,0.02,7,0.04,0.01,96,59
PM651,,L61 - N295,HHOLL L61 - WST WINFIELDN295,,,136,17,-4.9,55,87,0.21,0.4,30,-5,10,9,19,0.49,0.04,16,0.11,0.02,82,54
PM652,,L61 - M390,HHOLL L61 - BIEBER PRIORITY M390,,,135,19,-5.1,55,87,0.2,0.49,30,-5,10,10,17,0.68,0.07,11,0.1,0.04,78,56
PM653,,L61 - N33,HHOLL L61 - HHOLL N33,,,127,16,-4.4,49,75,0.16,0.28,29,-7,10,9,18,0.51,-0.01,6,0.05,0.01,82,45
PM654,,L61 - N38,HHOLL L61 - HHOLL N38,,,137,15,-4,56,87,0.19,0.47,29,-5,11,9,18,0.59,0,13,0.08,0,83,55
PM655,,L63 - M501,HHOLL L63 - BECKTON JET M501 P3,,,132,14,-3.1,66,100,0.21,0.6,30,-1,11,8,18,0.57,0,20,0.2,0.01,75,57
PM656,,L63 - 4454M,HHOLL L63 - LSF CJR PRESIDENT 4454M,,,162,12,-3.2,67,101,0.21,0.66,32,2,10,8,21,0.8,-0.04,20,0.31,0,92,70
PM657,,L63 - N295,HHOLL L63 - WST WINFIELDN295,,,142,14,-2.4,69,108,0.25,0.75,31,1,10,8,19,0.52,-0.02,28,0.38,0.01,78,65
PM658,,L63 - M390,HHOLL L63 - BIEBER PRIORITY M390,,,142,16,-2.7,69,108,0.24,0.83,30,0,10,9,18,0.72,0.01,24,0.38,0.03,74,67
PM659,,L63 - N33,HHOLL L63 - HHOLL N33,,,134,13,-1.9,64,96,0.2,0.62,30,-1,10,8,18,0.54,-0.07,19,0.32,0,78,56
PM660,,L63 - N38,HHOLL L63 - HHOLL N38,,,144,12,-1.6,70,107,0.23,0.82,29,1,11,8,18,0.62,-0.05,26,0.36,0,78,66
PM661,,L64 - M501,HHOLL L64 - BECKTON JET M501 P3,,,140,17,-5.9,54,86,0.2,0.46,29,-3,11,10,17,0.62,0,16,0.16,0.01,77,63
PM662,,L64 - 4454M,HHOLL L64 - LSF CJR PRESIDENT 4454M,,,170,15,-6.1,55,87,0.2,0.52,31,0,11,10,20,0.85,-0.04,16,0.26,0.01,94,76
PM663,,L64 - N295,HHOLL L64 - WST WINFIELDN295,,,150,17,-5.2,57,94,0.23,0.61,30,-1,11,9,18,0.57,-0.01,25,0.34,0.01,79,71
PM664,,L64 - M390,HHOLL L64 - BIEBER PRIORITY M390,,,149,19,-5.5,58,94,0.22,0.69,29,-2,11,11,17,0.76,0.01,20,0.33,0.03,75,74
PM665,,L64 - N33,HHOLL L64 - HHOLL N33,,,141,16,-4.8,52,82,0.19,0.48,29,-3,11,9,18,0.6,-0.06,15,0.28,0,79,62
PM666,,L64 - N38,HHOLL L64 - HHOLL N38,,,152,15,-4.4,58,93,0.22,0.68,28,-1,11,10,18,0.67,-0.05,22,0.31,0,80,72
PM667,,L66 - M501,HHOLL L66 - BECKTON JET M501 P3,,,132,16,-4.1,58,87,0.18,0.4,30,-5,11,9,19,0.51,0.05,10,-0.04,0.01,90,42
PM668,,L66 - 4454M,HHOLL L66 - LSF CJR PRESIDENT 4454M,,,162,14,-4.2,59,88,0.18,0.46,32,-3,11,9,22,0.74,0.01,10,0.07,0.01,107,55
PM669,,L66 - N295,HHOLL L66 - WST WINFIELDN295,,,142,16,-3.4,61,95,0.21,0.55,31,-4,10,9,20,0.46,0.04,19,0.15,0.02,93,49
PM670,,L66 - M390,HHOLL L66 - BIEBER PRIORITY M390,,,141,18,-3.7,62,95,0.2,0.63,31,-4,11,10,19,0.66,0.06,14,0.14,0.03,89,52
PM671,,L66 - N33,HHOLL L66 - HHOLL N33,,,133,14,-2.9,56,83,0.17,0.42,30,-6,10,9,20,0.49,-0.02,9,0.08,0,93,40
PM672,,L66 - N38,HHOLL L66 - HHOLL N38,,,144,14,-2.6,63,94,0.2,0.62,29,-4,11,9,20,0.56,0,16,0.12,0,93,51
PM673,,L70 - M501,HHOLL L70 - BECKTON JET M501 P3,,,131,15,-3.8,60,90,0.19,0.51,31,-2,11,8,18,0.57,0,15,0.14,0.01,78,54
PM674,,L70 - 4454M,HHOLL L70 - LSF CJR PRESIDENT 4454M,,,161,13,-4,61,91,0.19,0.57,34,1,11,8,22,0.79,-0.04,15,0.25,0,94,67
PM675,,L70 - N295,HHOLL L70 - WST WINFIELDN295,,,141,15,-3.2,63,99,0.23,0.65,32,0,11,7,19,0.52,-0.01,24,0.32,0.01,80,62
PM676,,L70 - M390,HHOLL L70 - BIEBER PRIORITY M390,,,141,17,-3.4,63,98,0.22,0.74,32,0,11,9,18,0.71,0.01,19,0.31,0.03,76,64
PM677,,L70 - N33,HHOLL L70 - HHOLL N33,,,133,14,-2.7,58,86,0.18,0.53,31,-2,10,8,19,0.54,-0.07,14,0.26,0,80,52
PM678,,L70 - N38,HHOLL L70 - HHOLL N38,,,143,13,-2.3,64,98,0.21,0.72,30,0,11,8,19,0.62,-0.05,21,0.3,0,81,63
PM679,,L73 - M501,HHOLL L73 - BECKTON JET M501 P3,,,125,16,-4.4,56,86,0.18,0.43,29,-4,11,8,17,0.62,0,10,0.05,0,71,54
PM680,,L73 - 4454M,HHOLL L73 - LSF CJR PRESIDENT 4454M,,,155,14,-4.5,57,87,0.18,0.49,32,-1,11,8,20,0.85,-0.04,10,0.16,0,88,67
PM681,,L73 - N295,HHOLL L73 - WST WINFIELDN295,,,135,16,-3.7,59,94,0.22,0.57,30,-3,11,8,18,0.57,-0.01,19,0.23,0.01,74,62
PM682,,L73 - M390,HHOLL L73 - BIEBER PRIORITY M390,,,134,18,-4,60,94,0.21,0.66,30,-3,11,9,17,0.76,0.01,14,0.22,0.02,70,65
PM683,,L73 - N33,HHOLL L73 - HHOLL N33,,,126,14,-3.2,54,82,0.17,0.45,29,-4,10,8,17,0.6,-0.07,9,0.17,-0.01,74,53
PM684,,L73 - N38,HHOLL L73 - HHOLL N38,,,137,14,-2.9,61,93,0.2,0.64,28,-2,11,8,17,0.67,-0.05,16,0.2,-0.01,74,63
PM685,,L78 - M501,HHOLL L78 - BECKTON JET M501 P3,,,126,18,-5.6,56,83,0.17,0.35,29,-6,11,10,17,0.54,0.05,10,-0.02,0.02,82,45
PM686,,L78 - 4454M,HHOLL L78 - LSF CJR PRESIDENT 4454M,,,156,16,-5.8,56,84,0.17,0.41,31,-3,11,10,21,0.76,0.01,10,0.09,0.01,98,58
PM687,,L78 - N295,HHOLL L78 - WST WINFIELDN295,,,136,18,-4.9,59,91,0.2,0.49,30,-4,11,10,18,0.49,0.04,19,0.16,0.02,84,52
PM688,,L78 - M390,HHOLL L78 - BIEBER PRIORITY M390,,,136,20,-5.2,59,90,0.2,0.58,29,-5,11,11,17,0.68,0.06,14,0.15,0.04,80,55
PM689,,L78 - N33,HHOLL L78 - HHOLL N33,,,127,16,-4.4,53,79,0.16,0.37,29,-6,11,10,18,0.51,-0.01,9,0.1,0.01,84,43
PM690,,L78 - N38,HHOLL L78 - HHOLL N38,,,138,16,-4.1,60,90,0.19,0.56,28,-4,11,10,18,0.59,0,16,0.13,0,85,54
PM691,,L88 - M501,HHOLL L88 - BECKTON JET M501 P3,,,119,17,-5.1,57,86,0.18,0.41,27,-7,11,8,16,0.62,0.02,8,-0.01,0,71,49
PM692,,L88 - 4454M,HHOLL L88 - LSF CJR PRESIDENT 4454M,,,150,15,-5.2,58,87,0.18,0.47,30,-4,11,8,19,0.84,-0.03,8,0.09,0,88,62
PM693,,L88 - N295,HHOLL L88 - WST WINFIELDN295,,,130,17,-4.4,60,94,0.21,0.55,28,-5,11,8,17,0.56,0,17,0.17,0.01,73,57
PM694,,L88 - M390,HHOLL L88 - BIEBER PRIORITY M390,,,129,19,-4.7,61,94,0.2,0.64,28,-6,11,9,16,0.75,0.03,12,0.16,0.03,69,59
PM695,,L88 - N33,HHOLL L88 - HHOLL N33,,,121,15,-4,55,82,0.17,0.43,27,-7,11,8,17,0.59,-0.05,7,0.1,0,73,48
PM696,,L88 - N38,HHOLL L88 - HHOLL N38,,,132,15,-3.6,62,93,0.2,0.62,26,-5,11,8,17,0.66,-0.04,14,0.14,-0.01,74,58
PM697,,L94 - M501,HHOLL L94 - BECKTON JET M501 P3,,,148,17,-4.8,61,94,0.21,0.53,30,-2,12,9,20,0.54,0.08,22,-0.03,0.01,91,57
PM698,,L94 - 4454M,HHOLL L94 - LSF CJR PRESIDENT 4454M,,,178,14,-4.8,61,95,0.21,0.59,33,1,11,9,23,0.76,0.04,22,0.08,0,108,70
PM699,,L94 - N295,HHOLL L94 - WST WINFIELDN295,,,158,17,-4.1,63,102,0.24,0.67,31,-1,11,9,21,0.49,0.07,31,0.15,0.01,94,65
PM700,,L94 - M390,HHOLL L94 - BIEBER PRIORITY M390,,,157,18,-4.3,64,102,0.23,0.76,31,-1,11,10,19,0.68,0.09,26,0.14,0.03,90,67
PM701,,L94 - N33,HHOLL L94 - HHOLL N33,,,149,15,-3.6,58,90,0.2,0.55,30,-3,11,9,20,0.51,0.01,21,0.09,0,94,55
PM702,,L94 - N38,HHOLL L94 - HHOLL N38,,,160,15,-3.2,65,101,0.23,0.74,29,-1,11,9,20,0.59,0.03,28,0.12,0,94,66
